run_id_utc,run_started_utc,classification,run_skip_reason,core_row_count_new,raw_files_present_all,missing_surfaces
20260106_163946_917408,2026-01-06T16:39:46.917713Z,success,,991,true,
20260106_165459_192399,2026-01-06T16:54:59.192715Z,success,,989,true,
20260106_171012_466081,2026-01-06T17:10:12.466344Z,success,,989,true,
20260106_172525_460308,2026-01-06T17:25:25.460449Z,success,,989,true,
20260106_174038_944301,2026-01-06T17:40:38.944482Z,success,,989,true,
20260106_175553_441202,2026-01-06T17:55:53.441542Z,success,,990,true,
20260106_181108_940372,2026-01-06T18:11:08.940664Z,success,,988,true,
20260106_182623_743695,2026-01-06T18:26:23.744113Z,success,,987,true,
20260106_184136_470205,2026-01-06T18:41:36.470540Z,success,,990,true,
20260106_185652_388119,2026-01-06T18:56:52.388562Z,success,,991,true,
20260106_191205_864885,2026-01-06T19:12:05.865336Z,success,,991,true,
20260106_192718_775983,2026-01-06T19:27:18.776330Z,success,,992,true,
20260106_194232_860866,2026-01-06T19:42:32.861267Z,success,,991,true,
20260106_195745_003945,2026-01-06T19:57:45.004286Z,success,,992,true,
20260106_201258_472839,2026-01-06T20:12:58.473287Z,success,,993,true,
20260106_202812_101098,2026-01-06T20:28:12.101392Z,success,,992,true,
20260106_204326_145135,2026-01-06T20:43:26.145394Z,success,,992,true,
20260106_205841_068260,2026-01-06T20:58:41.068536Z,success,,993,true,
20260106_211353_469161,2026-01-06T21:13:53.469350Z,success,,993,true,
20260106_212905_759434,2026-01-06T21:29:05.759702Z,success,,995,true,
20260106_214419_518209,2026-01-06T21:44:19.518427Z,success,,993,true,
20260106_215932_019696,2026-01-06T21:59:32.019900Z,success,,993,true,
20260106_221446_196286,2026-01-06T22:14:46.196580Z,success,,991,true,
20260106_222958_321534,2026-01-06T22:29:58.321850Z,success,,991,true,
20260106_224510_857366,2026-01-06T22:45:10.857627Z,success,,992,true,
20260106_230024_107200,2026-01-06T23:00:24.107382Z,success,,992,true,
20260106_231540_063903,2026-01-06T23:15:40.064089Z,success,,992,true,
20260106_233055_653053,2026-01-06T23:30:55.653236Z,success,,994,true,
20260106_234608_168454,2026-01-06T23:46:08.168607Z,success,,994,true,
20260107_000120_145879,2026-01-07T00:01:20.146010Z,success,,992,true,
20260107_001632_537025,2026-01-07T00:16:32.537272Z,success,,993,true,
20260107_003146_804583,2026-01-07T00:31:46.804998Z,success,,991,true,
20260107_004933_633725,2026-01-07T00:49:33.634143Z,success,,991,true,
20260107_010446_212505,2026-01-07T01:04:46.212727Z,success,,990,true,
20260107_012207_624898,2026-01-07T01:22:07.625104Z,success,,989,true,
20260107_013720_583589,2026-01-07T01:37:20.583810Z,success,,989,true,
20260107_015235_178993,2026-01-07T01:52:35.179208Z,success,,990,true,
20260107_020749_346173,2026-01-07T02:07:49.346427Z,success,,991,true,
20260107_022301_270831,2026-01-07T02:23:01.271140Z,success,,987,true,
20260107_023814_709146,2026-01-07T02:38:14.709412Z,success,,988,true,
20260107_025329_376636,2026-01-07T02:53:29.376853Z,success,,988,true,
20260107_030841_546857,2026-01-07T03:08:41.547077Z,success,,987,true,
20260107_032354_180067,2026-01-07T03:23:54.180272Z,success,,988,true,
20260107_033908_503653,2026-01-07T03:39:08.503908Z,success,,985,true,
20260107_035421_185363,2026-01-07T03:54:21.185626Z,success,,987,true,
20260107_040934_167422,2026-01-07T04:09:34.167628Z,success,,986,true,
20260107_042448_381778,2026-01-07T04:24:48.382112Z,success,,989,true,
20260107_050425_173874,2026-01-07T05:04:25.174159Z,success,,986,true,
20260107_051938_105577,2026-01-07T05:19:38.105832Z,success,,989,true,
20260107_053451_060173,2026-01-07T05:34:51.060394Z,success,,989,true,
20260107_055003_350534,2026-01-07T05:50:03.350680Z,success,,989,true,
20260107_060516_340261,2026-01-07T06:05:16.340464Z,success,,990,true,
20260107_062028_777367,2026-01-07T06:20:28.777585Z,success,,991,true,
20260107_063542_106981,2026-01-07T06:35:42.107270Z,success,,991,true,
20260107_065054_408865,2026-01-07T06:50:54.409121Z,success,,991,true,
20260107_070608_641659,2026-01-07T07:06:08.641879Z,success,,991,true,
20260107_072121_635907,2026-01-07T07:21:21.636055Z,success,,989,true,
20260107_073633_976349,2026-01-07T07:36:33.976643Z,success,,991,true,
20260107_075146_016726,2026-01-07T07:51:46.017109Z,success,,991,true,
20260107_080658_369211,2026-01-07T08:06:58.369362Z,success,,990,true,
20260107_082211_431761,2026-01-07T08:22:11.432527Z,success,,992,true,
20260107_083723_109318,2026-01-07T08:37:23.110540Z,success,,992,true,
20260107_085235_308967,2026-01-07T08:52:35.309135Z,success,,992,true,
20260107_090747_764685,2026-01-07T09:07:47.764962Z,success,,990,true,
20260107_092301_233593,2026-01-07T09:23:01.233851Z,success,,990,true,
20260107_093814_879394,2026-01-07T09:38:14.879571Z,success,,993,true,
20260107_095327_639753,2026-01-07T09:53:27.639966Z,success,,995,true,
20260107_100840_193918,2026-01-07T10:08:40.194293Z,success,,993,true,
20260107_102353_081871,2026-01-07T10:23:53.082171Z,success,,993,true,
20260107_103905_872763,2026-01-07T10:39:05.873048Z,success,,994,true,
20260107_105419_477621,2026-01-07T10:54:19.477808Z,success,,993,true,
20260107_110931_513836,2026-01-07T11:09:31.514038Z,success,,992,true,
20260107_112444_334503,2026-01-07T11:24:44.334764Z,partial,,893,true,
20260107_113957_202685,2026-01-07T11:39:57.202979Z,success,,993,true,
20260107_115510_558978,2026-01-07T11:55:10.559193Z,success,,992,true,
20260107_121022_890994,2026-01-07T12:10:22.891325Z,success,,991,true,
20260107_122535_586066,2026-01-07T12:25:35.586257Z,success,,992,true,
20260107_124048_054894,2026-01-07T12:40:48.055164Z,success,,992,true,
20260107_125601_035612,2026-01-07T12:56:01.035829Z,success,,993,true,
20260107_131115_083650,2026-01-07T13:11:15.083951Z,success,,994,true,
20260107_132627_879014,2026-01-07T13:26:27.879270Z,success,,993,true,
20260107_134141_304781,2026-01-07T13:41:41.305121Z,success,,995,true,
20260107_135653_893086,2026-01-07T13:56:53.893413Z,success,,994,true,
20260107_141206_965184,2026-01-07T14:12:06.965522Z,success,,994,true,
20260107_142720_649631,2026-01-07T14:27:20.649872Z,success,,994,true,
20260107_144234_899296,2026-01-07T14:42:34.899593Z,success,,993,true,
20260107_145747_972845,2026-01-07T14:57:47.973099Z,success,,994,true,
20260107_151301_295452,2026-01-07T15:13:01.295733Z,success,,992,true,
20260107_152814_240900,2026-01-07T15:28:14.241152Z,success,,992,true,
20260107_154328_170960,2026-01-07T15:43:28.171555Z,success,,992,true,
20260107_155845_909284,2026-01-07T15:58:45.910105Z,success,,996,true,
20260107_161358_924989,2026-01-07T16:13:58.925894Z,success,,996,true,
20260107_162911_908272,2026-01-07T16:29:11.908810Z,success,,996,true,
20260107_164425_954332,2026-01-07T16:44:25.954916Z,success,,994,true,
20260107_170004_266420,2026-01-07T17:00:04.266856Z,success,,997,true,
20260107_171639_215239,2026-01-07T17:16:39.215525Z,success,,993,true,
20260107_173219_101033,2026-01-07T17:32:19.101304Z,success,,995,true,
20260107_174757_525808,2026-01-07T17:47:57.526398Z,success,,996,true,
20260107_180337_620787,2026-01-07T18:03:37.621401Z,success,,995,true,
20260107_181917_470824,2026-01-07T18:19:17.471665Z,success,,993,true,
20260107_183505_548857,2026-01-07T18:35:05.549968Z,success,,994,true,
20260107_185045_635406,2026-01-07T18:50:45.635546Z,success,,993,true,
20260107_190636_175025,2026-01-07T19:06:36.175389Z,success,,992,true,
20260107_192220_653851,2026-01-07T19:22:20.654174Z,success,,995,true,
20260107_193805_737416,2026-01-07T19:38:05.737820Z,success,,993,true,
20260107_195345_185623,2026-01-07T19:53:45.186052Z,success,,995,true,
20260107_200930_471036,2026-01-07T20:09:30.471297Z,success,,994,true,
20260107_202557_541635,2026-01-07T20:25:57.542070Z,success,,991,true,
20260107_204141_588432,2026-01-07T20:41:41.589383Z,success,,995,true,
20260107_205721_580906,2026-01-07T20:57:21.581191Z,success,,994,true,
20260107_211306_878714,2026-01-07T21:13:06.878965Z,success,,994,true,
20260107_212853_992766,2026-01-07T21:28:53.993106Z,success,,993,true,
20260107_214440_934276,2026-01-07T21:44:40.934537Z,success,,991,true,
20260107_220023_898159,2026-01-07T22:00:23.898367Z,success,,992,true,
20260107_221657_925291,2026-01-07T22:16:57.926248Z,success,,991,true,
20260107_223243_355508,2026-01-07T22:32:43.356392Z,success,,990,true,
20260107_224832_174651,2026-01-07T22:48:32.175158Z,success,,989,true,
20260107_230444_064164,2026-01-07T23:04:44.065556Z,success,,990,true,
20260107_232053_957001,2026-01-07T23:20:53.957703Z,success,,990,true,
20260107_233801_420148,2026-01-07T23:38:01.420291Z,success,,990,true,
20260107_235404_258690,2026-01-07T23:54:04.259407Z,success,,990,true,
20260108_001013_468500,2026-01-08T00:10:13.468690Z,success,,990,true,
20260108_002732_874484,2026-01-08T00:27:32.874760Z,success,,989,true,
20260108_004315_996006,2026-01-08T00:43:15.996180Z,success,,990,true,
20260108_005854_702126,2026-01-08T00:58:54.702318Z,success,,990,true,
20260108_011433_633005,2026-01-08T01:14:33.633266Z,success,,990,true,
20260108_013011_040134,2026-01-08T01:30:11.040284Z,success,,991,true,
20260108_014629_564626,2026-01-08T01:46:29.564852Z,success,,989,true,
20260108_020208_035530,2026-01-08T02:02:08.035910Z,success,,990,true,
20260108_021747_647144,2026-01-08T02:17:47.647293Z,success,,991,true,
20260108_023334_797770,2026-01-08T02:33:34.798322Z,success,,988,true,
20260108_024909_892348,2026-01-08T02:49:09.892699Z,success,,991,true,
20260108_030454_606004,2026-01-08T03:04:54.606295Z,success,,990,true,
20260108_032042_227029,2026-01-08T03:20:42.227251Z,success,,990,true,
20260108_033628_157076,2026-01-08T03:36:28.157435Z,success,,990,true,
20260108_035212_414656,2026-01-08T03:52:12.414947Z,success,,990,true,
20260108_040753_569875,2026-01-08T04:07:53.570143Z,success,,988,true,
20260108_042341_622856,2026-01-08T04:23:41.623113Z,success,,986,true,
20260108_043919_625355,2026-01-08T04:39:19.625904Z,success,,987,true,
20260108_045508_908065,2026-01-08T04:55:08.908271Z,success,,990,true,
20260108_052606_934207,2026-01-08T05:26:06.934507Z,success,,987,true,
20260108_124504_219790,2026-01-08T12:45:04.219931Z,skipped,overlap_lock_present,,false,"new,hot,rising,controversial"
20260108_124621_924277,2026-01-08T12:46:21.924399Z,skipped,overlap_lock_present,,false,"new,hot,rising,controversial"
20260108_124709_116974,2026-01-08T12:47:09.117141Z,skipped,overlap_lock_present,,false,"new,hot,rising,controversial"
20260108_124847_300256,2026-01-08T12:48:47.300372Z,skipped,overlap_lock_present,,false,"new,hot,rising,controversial"
20260108_124958_833145,2026-01-08T12:49:58.833258Z,skipped,overlap_lock_present,,false,"new,hot,rising,controversial"
20260108_125026_045755,2026-01-08T12:50:26.045887Z,skipped,overlap_lock_present,,false,"new,hot,rising,controversial"
20260108_125105_074939,2026-01-08T12:51:05.075267Z,skipped,overlap_lock_present,,false,"new,hot,rising,controversial"
20260108_125133_519069,2026-01-08T12:51:33.519217Z,skipped,overlap_lock_present,,false,"new,hot,rising,controversial"
20260108_125211_557184,2026-01-08T12:52:11.557340Z,skipped,overlap_lock_present,,false,"new,hot,rising,controversial"
20260108_125520_358420,2026-01-08T12:55:20.358587Z,skipped,overlap_lock_present,,false,"new,hot,rising,controversial"
20260108_125520_448074,2026-01-08T12:55:20.448253Z,skipped,overlap_lock_present,,false,"new,hot,rising,controversial"
20260108_125520_536235,2026-01-08T12:55:20.536396Z,skipped,overlap_lock_present,,false,"new,hot,rising,controversial"
20260108_125546_694833,2026-01-08T12:55:46.695033Z,skipped,overlap_lock_present,,false,"new,hot,rising,controversial"
20260108_125552_018588,2026-01-08T12:55:52.018740Z,skipped,overlap_lock_present,,false,"new,hot,rising,controversial"
20260108_125552_111717,2026-01-08T12:55:52.111885Z,skipped,overlap_lock_present,,false,"new,hot,rising,controversial"
20260108_125552_209084,2026-01-08T12:55:52.209241Z,skipped,overlap_lock_present,,false,"new,hot,rising,controversial"
20260108_130615_472502,2026-01-08T13:06:15.472932Z,skipped,overlap_lock_present,,false,"new,hot,rising,controversial"
20260108_130711_026119,2026-01-08T13:07:11.026950Z,success,,988,true,
20260108_132600_156181,2026-01-08T13:26:00.156726Z,success,,987,true,
20260108_132624_874363,2026-01-08T13:26:24.874937Z,success,,987,true,
20260108_134138_225208,2026-01-08T13:41:38.225749Z,success,,987,true,
20260108_135650_937129,2026-01-08T13:56:50.937325Z,success,,987,true,
20260108_141206_236826,2026-01-08T14:12:06.236991Z,success,,986,true,
20260108_142718_894830,2026-01-08T14:27:18.894981Z,success,,986,true,
20260108_144233_696719,2026-01-08T14:42:33.696937Z,success,,988,true,
20260108_145746_585861,2026-01-08T14:57:46.586043Z,success,,986,true,
20260108_145836_170798,2026-01-08T14:58:36.170916Z,success,,987,true,
20260108_151348_919606,2026-01-08T15:13:48.919854Z,success,,988,true,
20260108_152902_557500,2026-01-08T15:29:02.557737Z,success,,988,true,
20260108_154416_302808,2026-01-08T15:44:16.303224Z,success,,988,true,
20260108_155930_114824,2026-01-08T15:59:30.115153Z,success,,985,true,
20260108_161443_786960,2026-01-08T16:14:43.787306Z,success,,987,true,
20260108_162956_685495,2026-01-08T16:29:56.685633Z,success,,989,true,
20260108_164510_414478,2026-01-08T16:45:10.414907Z,success,,988,true,
20260108_170025_295571,2026-01-08T17:00:25.295780Z,success,,988,true,
20260108_171538_924956,2026-01-08T17:15:38.925474Z,success,,985,true,
20260108_173052_889411,2026-01-08T17:30:52.889737Z,success,,987,true,
20260108_174605_533035,2026-01-08T17:46:05.533582Z,success,,980,true,
20260108_180118_914089,2026-01-08T18:01:18.914810Z,success,,986,true,
20260108_181633_037381,2026-01-08T18:16:33.037650Z,success,,984,true,
20260108_183146_175274,2026-01-08T18:31:46.175541Z,success,,987,true,
20260108_184659_786669,2026-01-08T18:46:59.786873Z,success,,986,true,
20260108_190212_404314,2026-01-08T19:02:12.404725Z,success,,985,true,
20260108_191725_575328,2026-01-08T19:17:25.575705Z,success,,991,true,
20260108_193238_487197,2026-01-08T19:32:38.487968Z,success,,991,true,
20260108_194751_842369,2026-01-08T19:47:51.842650Z,success,,989,true,
20260108_200304_028219,2026-01-08T20:03:04.028474Z,success,,989,true,
20260108_201816_151906,2026-01-08T20:18:16.152463Z,success,,992,true,
20260108_203328_276341,2026-01-08T20:33:28.276891Z,success,,993,true,
20260108_204841_317019,2026-01-08T20:48:41.317348Z,success,,991,true,
20260108_210354_886957,2026-01-08T21:03:54.887185Z,success,,992,true,
20260108_211911_581861,2026-01-08T21:19:11.582067Z,success,,994,true,
20260108_213424_298174,2026-01-08T21:34:24.298663Z,success,,989,true,
20260108_214937_893420,2026-01-08T21:49:37.893973Z,success,,993,true,
20260108_220452_079936,2026-01-08T22:04:52.080134Z,success,,992,true,
20260108_222005_149295,2026-01-08T22:20:05.149978Z,success,,989,true,
20260108_223530_170842,2026-01-08T22:35:30.171126Z,success,,992,true,
20260108_225042_274922,2026-01-08T22:50:42.275163Z,success,,991,true,
20260108_230556_757098,2026-01-08T23:05:56.757478Z,success,,991,true,
20260108_232109_596724,2026-01-08T23:21:09.599141Z,success,,992,true,
20260108_233622_350399,2026-01-08T23:36:22.350912Z,success,,992,true,
20260108_235135_568189,2026-01-08T23:51:35.568703Z,success,,992,true,
20260109_000648_487489,2026-01-09T00:06:48.487875Z,success,,993,true,
20260109_002204_561863,2026-01-09T00:22:04.562037Z,success,,993,true,
20260109_003719_207942,2026-01-09T00:37:19.208206Z,success,,994,true,
20260109_005234_664128,2026-01-09T00:52:34.664351Z,success,,995,true,
20260109_010747_181045,2026-01-09T01:07:47.181313Z,success,,995,true,
20260109_012301_109599,2026-01-09T01:23:01.110147Z,success,,995,true,
20260109_013813_295216,2026-01-09T01:38:13.295457Z,success,,994,true,
20260109_015326_137721,2026-01-09T01:53:26.137923Z,success,,993,true,
20260109_020842_702681,2026-01-09T02:08:42.702937Z,success,,992,true,
20260109_022401_530641,2026-01-09T02:24:01.530945Z,success,,993,true,
20260109_023915_167494,2026-01-09T02:39:15.167793Z,success,,993,true,
20260109_025427_938039,2026-01-09T02:54:27.938300Z,success,,995,true,
20260109_030945_392795,2026-01-09T03:09:45.393106Z,success,,996,true,
20260109_032458_673019,2026-01-09T03:24:58.673405Z,success,,995,true,
20260109_034011_009552,2026-01-09T03:40:11.009744Z,success,,992,true,
20260109_035524_708791,2026-01-09T03:55:24.709313Z,success,,991,true,
20260109_041040_967971,2026-01-09T04:10:40.968702Z,success,,991,true,
20260109_042555_553136,2026-01-09T04:25:55.553696Z,success,,995,true,
20260109_044112_166027,2026-01-09T04:41:12.166312Z,success,,994,true,
20260109_045624_702092,2026-01-09T04:56:24.702461Z,success,,996,true,
20260109_051139_401912,2026-01-09T05:11:39.402179Z,success,,996,true,
20260109_052653_236983,2026-01-09T05:26:53.237317Z,success,,997,true,
20260109_054206_560272,2026-01-09T05:42:06.560594Z,success,,996,true,
20260109_055719_519924,2026-01-09T05:57:19.520231Z,success,,997,true,
20260109_061232_173911,2026-01-09T06:12:32.174193Z,success,,997,true,
20260109_062744_864816,2026-01-09T06:27:44.865161Z,success,,996,true,
20260109_064257_075181,2026-01-09T06:42:57.075466Z,success,,997,true,
20260109_065809_792887,2026-01-09T06:58:09.793175Z,success,,996,true,
20260109_071321_389251,2026-01-09T07:13:21.389595Z,success,,997,true,
20260109_072833_578461,2026-01-09T07:28:33.578708Z,success,,997,true,
20260109_074345_723483,2026-01-09T07:43:45.723770Z,success,,997,true,
20260109_075858_080172,2026-01-09T07:58:58.080704Z,success,,996,true,
20260109_081410_481389,2026-01-09T08:14:10.481755Z,success,,995,true,
20260109_082923_090894,2026-01-09T08:29:23.091097Z,success,,994,true,
20260109_084435_322995,2026-01-09T08:44:35.323371Z,success,,996,true,
20260109_085947_228102,2026-01-09T08:59:47.228368Z,success,,996,true,
20260109_091500_385457,2026-01-09T09:15:00.385775Z,success,,994,true,
20260109_093013_193617,2026-01-09T09:30:13.193826Z,success,,994,true,
20260109_094527_317046,2026-01-09T09:45:27.317222Z,success,,995,true,
20260109_100040_066535,2026-01-09T10:00:40.066780Z,success,,996,true,
20260109_101552_705739,2026-01-09T10:15:52.706074Z,success,,996,true,
20260109_103105_759947,2026-01-09T10:31:05.760370Z,success,,997,true,
20260109_104618_213622,2026-01-09T10:46:18.213833Z,success,,997,true,
20260109_110129_938115,2026-01-09T11:01:29.938295Z,success,,996,true,
20260109_111642_610457,2026-01-09T11:16:42.610980Z,success,,995,true,
20260109_113157_138613,2026-01-09T11:31:57.138974Z,success,,996,true,
20260109_114711_069766,2026-01-09T11:47:11.070158Z,success,,997,true,
20260109_120223_135412,2026-01-09T12:02:23.135663Z,success,,997,true,
20260109_121736_821086,2026-01-09T12:17:36.821339Z,success,,997,true,
20260109_123250_794695,2026-01-09T12:32:50.794973Z,success,,998,true,
20260109_124803_874601,2026-01-09T12:48:03.874912Z,success,,997,true,
20260109_130316_868421,2026-01-09T13:03:16.868681Z,success,,997,true,
20260109_131830_694120,2026-01-09T13:18:30.694371Z,success,,997,true,
20260109_133343_892288,2026-01-09T13:33:43.892674Z,success,,996,true,
20260109_134857_964794,2026-01-09T13:48:57.965097Z,success,,997,true,
20260109_140409_564847,2026-01-09T14:04:09.565102Z,success,,996,true,
20260109_141921_691067,2026-01-09T14:19:21.691304Z,success,,996,true,
20260109_143433_967336,2026-01-09T14:34:33.967804Z,success,,996,true,
20260109_144945_856268,2026-01-09T14:49:45.856445Z,success,,995,true,
20260109_150459_158880,2026-01-09T15:04:59.159123Z,success,,994,true,
20260109_152011_972986,2026-01-09T15:20:11.973134Z,success,,993,true,
20260109_153525_168024,2026-01-09T15:35:25.168273Z,success,,993,true,
20260109_155037_706951,2026-01-09T15:50:37.707241Z,success,,992,true,
20260109_160551_289101,2026-01-09T16:05:51.289463Z,success,,991,true,
20260109_162103_352641,2026-01-09T16:21:03.352929Z,success,,994,true,
20260109_163617_535759,2026-01-09T16:36:17.536047Z,success,,991,true,
20260109_165131_156939,2026-01-09T16:51:31.157120Z,success,,992,true,
20260109_170644_254406,2026-01-09T17:06:44.254774Z,success,,993,true,
20260109_172157_880379,2026-01-09T17:21:57.881051Z,success,,993,true,
20260109_173710_797022,2026-01-09T17:37:10.797320Z,success,,993,true,
20260109_175223_998607,2026-01-09T17:52:23.999208Z,success,,992,true,
20260109_180737_708886,2026-01-09T18:07:37.709132Z,success,,992,true,
20260109_182251_812832,2026-01-09T18:22:51.813052Z,success,,991,true,
20260109_183804_823790,2026-01-09T18:38:04.824155Z,success,,991,true,
20260109_185318_587935,2026-01-09T18:53:18.588266Z,success,,992,true,
20260109_190831_835687,2026-01-09T19:08:31.835989Z,success,,991,true,
20260109_192344_631748,2026-01-09T19:23:44.632075Z,success,,992,true,
20260109_193857_566710,2026-01-09T19:38:57.567057Z,success,,992,true,
20260109_195410_637361,2026-01-09T19:54:10.637589Z,success,,992,true,
20260109_200923_059618,2026-01-09T20:09:23.060004Z,success,,990,true,
20260109_202435_965525,2026-01-09T20:24:35.965712Z,success,,989,true,
20260109_203949_832480,2026-01-09T20:39:49.832866Z,success,,989,true,
20260109_205503_829294,2026-01-09T20:55:03.829437Z,success,,989,true,
20260109_211016_630471,2026-01-09T21:10:16.630925Z,success,,990,true,
20260109_212530_102114,2026-01-09T21:25:30.102410Z,success,,990,true,
20260109_214043_725085,2026-01-09T21:40:43.725527Z,success,,991,true,
20260109_215557_438119,2026-01-09T21:55:57.438457Z,success,,990,true,
20260109_221111_157248,2026-01-09T22:11:11.157521Z,success,,990,true,
20260109_222624_695735,2026-01-09T22:26:24.696213Z,success,,991,true,
20260109_224137_832396,2026-01-09T22:41:37.832738Z,success,,990,true,
20260109_225651_940629,2026-01-09T22:56:51.941026Z,success,,991,true,
20260109_231205_618472,2026-01-09T23:12:05.619060Z,success,,991,true,
20260109_232718_671571,2026-01-09T23:27:18.672132Z,success,,993,true,
20260109_234234_138842,2026-01-09T23:42:34.139221Z,success,,991,true,
20260109_235748_749400,2026-01-09T23:57:48.749962Z,success,,989,true,
20260110_001301_957503,2026-01-10T00:13:01.957664Z,success,,990,true,
20260110_002817_426809,2026-01-10T00:28:17.427179Z,success,,990,true,
20260110_004331_373463,2026-01-10T00:43:31.375071Z,success,,988,true,
20260110_005845_247650,2026-01-10T00:58:45.247889Z,success,,989,true,
20260110_011358_719814,2026-01-10T01:13:58.720140Z,success,,987,true,
20260110_012912_799557,2026-01-10T01:29:12.799708Z,success,,985,true,
20260110_014429_023217,2026-01-10T01:44:29.023814Z,success,,986,true,
20260110_015942_086986,2026-01-10T01:59:42.087500Z,success,,985,true,
20260110_021456_142750,2026-01-10T02:14:56.143653Z,success,,985,true,
20260110_023013_211661,2026-01-10T02:30:13.212835Z,success,,986,true,
20260110_024527_819434,2026-01-10T02:45:27.819801Z,success,,984,true,
20260110_030045_194739,2026-01-10T03:00:45.195115Z,success,,983,true,
20260110_031604_416619,2026-01-10T03:16:04.416968Z,success,,985,true,
20260110_033118_836060,2026-01-10T03:31:18.836528Z,success,,985,true,
20260110_034633_324684,2026-01-10T03:46:33.325067Z,success,,983,true,
20260110_040147_118935,2026-01-10T04:01:47.119107Z,success,,987,true,
20260110_041700_363406,2026-01-10T04:17:00.363763Z,success,,985,true,
20260110_043213_271295,2026-01-10T04:32:13.271543Z,success,,984,true,
20260110_044726_922306,2026-01-10T04:47:26.922657Z,success,,982,true,
20260110_050239_758464,2026-01-10T05:02:39.759346Z,success,,986,true,
20260110_051753_168691,2026-01-10T05:17:53.169006Z,success,,985,true,
20260110_053305_699353,2026-01-10T05:33:05.700213Z,success,,985,true,
20260110_054818_779110,2026-01-10T05:48:18.780058Z,success,,989,true,
20260110_060331_580038,2026-01-10T06:03:31.581094Z,success,,987,true,
20260110_061844_724378,2026-01-10T06:18:44.724764Z,success,,988,true,
20260110_063357_390603,2026-01-10T06:33:57.390822Z,success,,988,true,
20260110_064910_058015,2026-01-10T06:49:10.058420Z,success,,986,true,
20260110_070423_117400,2026-01-10T07:04:23.117734Z,success,,986,true,
20260110_071936_390632,2026-01-10T07:19:36.390987Z,success,,985,true,
20260110_073448_719577,2026-01-10T07:34:48.719982Z,success,,988,true,
20260110_075001_132327,2026-01-10T07:50:01.133088Z,success,,988,true,
20260110_080513_021546,2026-01-10T08:05:13.021799Z,success,,990,true,
20260110_082025_138821,2026-01-10T08:20:25.139020Z,success,,990,true,
20260110_083537_823444,2026-01-10T08:35:37.824136Z,success,,988,true,
20260110_085049_221917,2026-01-10T08:50:49.222207Z,success,,987,true,
20260110_090602_983405,2026-01-10T09:06:02.983748Z,success,,989,true,
20260110_092115_567747,2026-01-10T09:21:15.568957Z,success,,990,true,
20260110_093627_594736,2026-01-10T09:36:27.595595Z,success,,990,true,
20260110_095140_502798,2026-01-10T09:51:40.503110Z,success,,990,true,
20260110_100653_075639,2026-01-10T10:06:53.075765Z,success,,992,true,
20260110_102206_621537,2026-01-10T10:22:06.621729Z,success,,992,true,
20260110_103718_435315,2026-01-10T10:37:18.435627Z,success,,993,true,
20260110_105231_441900,2026-01-10T10:52:31.442140Z,success,,992,true,
20260110_110743_486448,2026-01-10T11:07:43.486783Z,success,,993,true,
20260110_112256_035716,2026-01-10T11:22:56.036027Z,success,,991,true,
20260110_113810_168907,2026-01-10T11:38:10.169193Z,success,,991,true,
20260110_115322_909119,2026-01-10T11:53:22.909416Z,success,,993,true,
20260110_120835_813276,2026-01-10T12:08:35.813995Z,success,,993,true,
20260110_122348_539579,2026-01-10T12:23:48.540051Z,success,,992,true,
20260110_123900_738916,2026-01-10T12:39:00.739292Z,success,,992,true,
20260110_125414_432932,2026-01-10T12:54:14.433483Z,success,,992,true,
20260110_130928_694473,2026-01-10T13:09:28.694763Z,success,,990,true,
20260110_132441_357573,2026-01-10T13:24:41.357807Z,success,,992,true,
20260110_133955_182637,2026-01-10T13:39:55.182974Z,success,,990,true,
20260110_135508_451209,2026-01-10T13:55:08.451589Z,success,,990,true,
20260110_141021_978260,2026-01-10T14:10:21.978529Z,success,,992,true,
20260110_142535_341217,2026-01-10T14:25:35.341523Z,success,,990,true,
20260110_144049_388176,2026-01-10T14:40:49.388554Z,success,,991,true,
20260110_145604_366368,2026-01-10T14:56:04.366822Z,success,,992,true,
20260110_151118_181872,2026-01-10T15:11:18.182151Z,success,,992,true,
20260110_152632_760572,2026-01-10T15:26:32.761579Z,success,,990,true,
20260110_154146_527813,2026-01-10T15:41:46.528514Z,success,,992,true,
20260110_155659_933600,2026-01-10T15:56:59.933938Z,success,,992,true,
20260110_161213_700897,2026-01-10T16:12:13.701500Z,success,,991,true,
20260110_162728_996620,2026-01-10T16:27:28.997358Z,success,,992,true,
20260110_164242_313271,2026-01-10T16:42:42.313740Z,success,,993,true,
20260110_165757_136759,2026-01-10T16:57:57.137191Z,success,,995,true,
20260110_171311_362077,2026-01-10T17:13:11.362407Z,success,,994,true,
20260110_172825_374888,2026-01-10T17:28:25.375241Z,success,,993,true,
20260110_174338_319242,2026-01-10T17:43:38.319461Z,success,,993,true,
20260110_175852_213731,2026-01-10T17:58:52.214140Z,success,,990,true,
20260110_181404_949680,2026-01-10T18:14:04.950545Z,success,,990,true,
20260110_182917_383928,2026-01-10T18:29:17.384239Z,success,,992,true,
20260110_184429_882640,2026-01-10T18:44:29.883019Z,success,,991,true,
20260110_185942_344282,2026-01-10T18:59:42.344456Z,success,,990,true,
20260110_191455_867584,2026-01-10T19:14:55.867925Z,success,,994,true,
20260110_193010_571707,2026-01-10T19:30:10.572288Z,success,,993,true,
20260110_194526_032482,2026-01-10T19:45:26.032656Z,success,,994,true,
20260110_200039_965899,2026-01-10T20:00:39.966160Z,success,,996,true,
20260110_201553_008164,2026-01-10T20:15:53.008498Z,success,,997,true,
20260110_203107_244862,2026-01-10T20:31:07.245340Z,success,,996,true,
20260110_204620_432892,2026-01-10T20:46:20.433196Z,success,,996,true,
20260110_210134_633358,2026-01-10T21:01:34.633662Z,success,,996,true,
20260110_211648_231515,2026-01-10T21:16:48.231825Z,success,,998,true,
20260110_213201_743199,2026-01-10T21:32:01.743860Z,success,,998,true,
20260110_214715_342626,2026-01-10T21:47:15.343294Z,success,,997,true,
20260110_220229_872734,2026-01-10T22:02:29.873156Z,success,,995,true,
20260110_221743_804244,2026-01-10T22:17:43.804671Z,success,,995,true,
20260110_223257_429606,2026-01-10T22:32:57.430284Z,success,,992,true,
20260110_224810_937685,2026-01-10T22:48:10.938028Z,success,,991,true,
20260110_230325_702173,2026-01-10T23:03:25.702523Z,success,,992,true,
20260110_231839_463705,2026-01-10T23:18:39.464471Z,success,,990,true,
20260110_233352_359519,2026-01-10T23:33:52.360085Z,success,,990,true,
20260110_234907_898130,2026-01-10T23:49:07.898421Z,success,,990,true,
20260111_000424_926102,2026-01-11T00:04:24.926829Z,success,,990,true,
20260111_001938_180662,2026-01-11T00:19:38.180926Z,success,,991,true,
20260111_003453_850098,2026-01-11T00:34:53.850390Z,success,,990,true,
20260111_005013_409981,2026-01-11T00:50:13.410292Z,success,,990,true,
20260111_010527_259709,2026-01-11T01:05:27.259906Z,success,,990,true,
20260111_012040_524299,2026-01-11T01:20:40.524526Z,success,,990,true,
20260111_013555_832418,2026-01-11T01:35:55.832739Z,success,,989,true,
20260111_015111_767364,2026-01-11T01:51:11.767588Z,success,,991,true,
20260111_020625_772771,2026-01-11T02:06:25.773013Z,success,,990,true,
20260111_022144_917984,2026-01-11T02:21:44.918181Z,success,,990,true,
20260111_023658_466311,2026-01-11T02:36:58.466522Z,success,,987,true,
20260111_025211_802011,2026-01-11T02:52:11.802230Z,success,,988,true,
20260111_030725_244784,2026-01-11T03:07:25.245174Z,success,,987,true,
20260111_032243_312892,2026-01-11T03:22:43.313335Z,success,,987,true,
20260111_033759_470675,2026-01-11T03:37:59.471284Z,success,,988,true,
20260111_035314_183395,2026-01-11T03:53:14.183651Z,success,,987,true,
20260111_040828_120023,2026-01-11T04:08:28.120305Z,success,,987,true,
20260111_042342_100430,2026-01-11T04:23:42.100808Z,success,,986,true,
20260111_043855_505942,2026-01-11T04:38:55.506389Z,success,,989,true,
20260111_045408_701731,2026-01-11T04:54:08.702277Z,success,,990,true,
20260111_050923_506423,2026-01-11T05:09:23.506694Z,success,,990,true,
20260111_052436_081505,2026-01-11T05:24:36.081707Z,success,,989,true,
20260111_053949_185479,2026-01-11T05:39:49.185786Z,success,,990,true,
20260111_055500_831092,2026-01-11T05:55:00.831872Z,success,,991,true,
20260111_061013_718162,2026-01-11T06:10:13.718341Z,success,,994,true,
20260111_062526_670964,2026-01-11T06:25:26.671478Z,success,,993,true,
20260111_064038_887677,2026-01-11T06:40:38.888028Z,success,,993,true,
20260111_065552_660675,2026-01-11T06:55:52.661075Z,success,,995,true,
20260111_071105_934105,2026-01-11T07:11:05.934838Z,success,,994,true,
20260111_072620_665592,2026-01-11T07:26:20.665930Z,success,,994,true,
20260111_074134_542761,2026-01-11T07:41:34.543016Z,success,,993,true,
20260111_075648_171625,2026-01-11T07:56:48.172174Z,success,,994,true,
20260111_081201_159955,2026-01-11T08:12:01.160197Z,success,,994,true,
20260111_082713_339758,2026-01-11T08:27:13.339920Z,success,,995,true,
20260111_084226_637814,2026-01-11T08:42:26.638172Z,success,,995,true,
20260111_085739_945077,2026-01-11T08:57:39.945478Z,success,,994,true,
20260111_091252_371203,2026-01-11T09:12:52.371821Z,success,,993,true,
20260111_092805_149278,2026-01-11T09:28:05.149645Z,success,,995,true,
20260111_094317_034313,2026-01-11T09:43:17.034772Z,success,,993,true,
20260111_095828_832261,2026-01-11T09:58:28.832623Z,success,,993,true,
20260111_101341_250823,2026-01-11T10:13:41.251131Z,success,,991,true,
20260111_102852_737193,2026-01-11T10:28:52.737474Z,success,,994,true,
20260111_104404_754184,2026-01-11T10:44:04.754506Z,success,,993,true,
20260111_105917_580530,2026-01-11T10:59:17.580989Z,success,,994,true,
20260111_111430_897095,2026-01-11T11:14:30.897464Z,success,,993,true,
20260111_112943_118414,2026-01-11T11:29:43.118678Z,success,,992,true,
20260111_114455_310248,2026-01-11T11:44:55.310430Z,success,,993,true,
20260111_120007_335172,2026-01-11T12:00:07.335604Z,success,,993,true,
20260111_121520_548637,2026-01-11T12:15:20.548969Z,success,,993,true,
20260111_123033_331644,2026-01-11T12:30:33.331801Z,success,,993,true,
20260111_124547_008784,2026-01-11T12:45:47.009001Z,success,,993,true,
20260111_130059_112621,2026-01-11T13:00:59.113028Z,success,,992,true,
20260111_131612_986967,2026-01-11T13:16:12.987263Z,success,,992,true,
20260111_133126_124428,2026-01-11T13:31:26.124714Z,success,,991,true,
20260111_134641_378469,2026-01-11T13:46:41.378758Z,success,,991,true,
20260111_140154_884349,2026-01-11T14:01:54.884638Z,success,,991,true,
20260111_141708_399156,2026-01-11T14:17:08.399834Z,success,,990,true,
20260111_143220_838759,2026-01-11T14:32:20.839214Z,success,,990,true,
20260111_144733_864415,2026-01-11T14:47:33.864888Z,success,,990,true,
20260111_150246_111319,2026-01-11T15:02:46.111641Z,success,,988,true,
20260111_151759_480716,2026-01-11T15:17:59.481034Z,success,,989,true,
20260111_153312_415666,2026-01-11T15:33:12.416091Z,success,,991,true,
20260111_154826_290239,2026-01-11T15:48:26.291365Z,success,,988,true,
20260111_160339_470701,2026-01-11T16:03:39.471000Z,success,,990,true,
20260111_161851_787903,2026-01-11T16:18:51.788244Z,success,,991,true,
20260111_163405_501073,2026-01-11T16:34:05.501618Z,success,,991,true,
20260111_164917_844591,2026-01-11T16:49:17.845277Z,success,,989,true,
20260111_170430_604842,2026-01-11T17:04:30.605187Z,success,,990,true,
20260111_171944_110153,2026-01-11T17:19:44.110410Z,success,,991,true,
20260111_173456_165856,2026-01-11T17:34:56.166202Z,success,,976,true,
20260111_175009_859917,2026-01-11T17:50:09.860389Z,success,,992,true,
20260111_180522_870067,2026-01-11T18:05:22.871104Z,success,,992,true,
20260111_182036_414777,2026-01-11T18:20:36.415399Z,success,,991,true,
20260111_183549_896169,2026-01-11T18:35:49.896597Z,success,,988,true,
20260111_185102_852526,2026-01-11T18:51:02.852928Z,success,,987,true,
20260111_190616_310976,2026-01-11T19:06:16.311577Z,success,,987,true,
20260111_192129_168857,2026-01-11T19:21:29.169404Z,success,,987,true,
20260111_193645_201757,2026-01-11T19:36:45.202128Z,success,,989,true,
20260111_195204_785097,2026-01-11T19:52:04.785454Z,success,,987,true,
20260111_200718_389358,2026-01-11T20:07:18.389758Z,success,,986,true,
20260111_202235_772818,2026-01-11T20:22:35.773397Z,success,,987,true,
20260111_203752_697647,2026-01-11T20:37:52.698128Z,success,,987,true,
20260111_205305_704581,2026-01-11T20:53:05.704964Z,success,,988,true,
20260111_210822_560258,2026-01-11T21:08:22.560771Z,success,,986,true,
20260111_212336_974251,2026-01-11T21:23:36.974795Z,success,,985,true,
20260111_213849_446998,2026-01-11T21:38:49.447601Z,success,,987,true,
20260111_215403_144559,2026-01-11T21:54:03.145115Z,success,,986,true,
20260111_220915_611800,2026-01-11T22:09:15.612510Z,success,,987,true,
20260111_222433_013332,2026-01-11T22:24:33.014330Z,success,,983,true,
20260111_223946_179941,2026-01-11T22:39:46.180342Z,success,,986,true,
20260111_225459_202364,2026-01-11T22:54:59.202913Z,success,,986,true,
20260111_231012_300286,2026-01-11T23:10:12.300467Z,success,,987,true,
20260111_232525_718441,2026-01-11T23:25:25.718933Z,success,,987,true,
20260111_234038_710255,2026-01-11T23:40:38.710582Z,success,,986,true,
20260111_235556_007377,2026-01-11T23:55:56.007706Z,success,,986,true,
20260112_001111_898881,2026-01-12T00:11:11.899075Z,success,,988,true,
20260112_002625_445379,2026-01-12T00:26:25.445944Z,success,,986,true,
20260112_004139_911877,2026-01-12T00:41:39.912284Z,success,,986,true,
20260112_005654_839353,2026-01-12T00:56:54.839664Z,success,,985,true,
20260112_011207_848384,2026-01-12T01:12:07.848702Z,success,,986,true,
20260112_012725_401763,2026-01-12T01:27:25.402188Z,success,,986,true,
20260112_014237_783448,2026-01-12T01:42:37.783699Z,success,,987,true,
20260112_015752_872602,2026-01-12T01:57:52.872910Z,success,,989,true,
20260112_021306_233021,2026-01-12T02:13:06.233384Z,success,,989,true,
20260112_022822_446629,2026-01-12T02:28:22.446940Z,success,,990,true,
20260112_024336_401144,2026-01-12T02:43:36.401919Z,success,,991,true,
20260112_025849_591419,2026-01-12T02:58:49.591814Z,success,,992,true,
20260112_031403_058371,2026-01-12T03:14:03.058700Z,success,,993,true,
20260112_032915_683708,2026-01-12T03:29:15.684736Z,success,,988,true,
20260112_034428_653850,2026-01-12T03:44:28.654785Z,success,,993,true,
20260112_035942_058846,2026-01-12T03:59:42.059087Z,success,,992,true,
20260112_041454_165265,2026-01-12T04:14:54.165599Z,success,,989,true,
20260112_043008_464479,2026-01-12T04:30:08.464825Z,success,,991,true,
20260112_044521_049870,2026-01-12T04:45:21.050229Z,success,,992,true,
20260112_050037_372364,2026-01-12T05:00:37.373885Z,success,,988,true,
20260112_051552_659398,2026-01-12T05:15:52.659936Z,success,,993,true,
20260112_053105_894886,2026-01-12T05:31:05.895716Z,success,,993,true,
20260112_054618_460332,2026-01-12T05:46:18.460893Z,success,,993,true,
20260112_060131_056776,2026-01-12T06:01:31.057124Z,success,,991,true,
20260112_061643_186567,2026-01-12T06:16:43.186826Z,success,,993,true,
20260112_063156_075703,2026-01-12T06:31:56.076228Z,success,,994,true,
20260112_064709_353819,2026-01-12T06:47:09.354202Z,success,,993,true,
20260112_070221_564235,2026-01-12T07:02:21.564518Z,success,,993,true,
20260112_071735_762290,2026-01-12T07:17:35.762502Z,partial,,0,true,
20260112_073349_310735,2026-01-12T07:33:49.310919Z,success,,991,true,
20260112_074900_746270,2026-01-12T07:49:00.746618Z,success,,991,true,
20260112_080412_947744,2026-01-12T08:04:12.947967Z,success,,989,true,
20260112_081925_252613,2026-01-12T08:19:25.253040Z,success,,988,true,
20260112_083437_699822,2026-01-12T08:34:37.700694Z,success,,989,true,
20260112_084949_800356,2026-01-12T08:49:49.800875Z,success,,988,true,
20260112_090502_351731,2026-01-12T09:05:02.351883Z,success,,988,true,
20260112_092015_905638,2026-01-12T09:20:15.905953Z,success,,986,true,
20260112_093528_855606,2026-01-12T09:35:28.856100Z,success,,988,true,
20260112_095041_364532,2026-01-12T09:50:41.364839Z,success,,989,true,
20260112_100554_409849,2026-01-12T10:05:54.410521Z,success,,988,true,
20260112_102106_417781,2026-01-12T10:21:06.418145Z,success,,989,true,
20260112_103618_696740,2026-01-12T10:36:18.697466Z,success,,988,true,
20260112_105131_365323,2026-01-12T10:51:31.365646Z,success,,989,true,
20260112_110645_356721,2026-01-12T11:06:45.357447Z,success,,988,true,
20260112_112157_400821,2026-01-12T11:21:57.401939Z,success,,988,true,
20260112_113711_240274,2026-01-12T11:37:11.240645Z,success,,990,true,
20260112_115223_349902,2026-01-12T11:52:23.350721Z,success,,989,true,
20260112_120736_420403,2026-01-12T12:07:36.420648Z,success,,989,true,
20260112_133654_030322,2026-01-12T13:36:54.030570Z,success,,984,true,
20260112_135207_729543,2026-01-12T13:52:07.730200Z,success,,988,true,
20260112_140720_082436,2026-01-12T14:07:20.082688Z,success,,987,true,
20260112_142231_998071,2026-01-12T14:22:31.998327Z,success,,989,true,
20260112_143745_070183,2026-01-12T14:37:45.070359Z,success,,989,true,
20260112_145258_210158,2026-01-12T14:52:58.210403Z,success,,989,true,
20260112_150811_113220,2026-01-12T15:08:11.113511Z,success,,986,true,
20260112_152323_235098,2026-01-12T15:23:23.235298Z,success,,989,true,
20260112_153836_050319,2026-01-12T15:38:36.050567Z,success,,988,true,
20260112_155349_364612,2026-01-12T15:53:49.364803Z,success,,987,true,
20260112_160902_079135,2026-01-12T16:09:02.079358Z,success,,987,true,
20260112_162414_706271,2026-01-12T16:24:14.706541Z,success,,987,true,
20260112_163929_470806,2026-01-12T16:39:29.471507Z,success,,986,true,
20260112_165442_088642,2026-01-12T16:54:42.088942Z,success,,991,true,
20260112_170955_217162,2026-01-12T17:09:55.217448Z,success,,991,true,
20260112_172508_028960,2026-01-12T17:25:08.029301Z,success,,990,true,
20260112_174020_923438,2026-01-12T17:40:20.923900Z,success,,990,true,
20260112_175534_352268,2026-01-12T17:55:34.352398Z,success,,987,true,
20260112_181048_435621,2026-01-12T18:10:48.435951Z,success,,991,true,
20260112_182602_687333,2026-01-12T18:26:02.687649Z,success,,991,true,
20260112_184116_589460,2026-01-12T18:41:16.589822Z,success,,990,true,
20260112_185630_723187,2026-01-12T18:56:30.723508Z,success,,988,true,
20260112_191432_988876,2026-01-12T19:14:32.989069Z,success,,990,true,
20260112_192945_418280,2026-01-12T19:29:45.418725Z,success,,990,true,
20260112_194503_311209,2026-01-12T19:45:03.311689Z,success,,987,true,
20260112_200017_423737,2026-01-12T20:00:17.424305Z,success,,988,true,
20260112_201530_245086,2026-01-12T20:15:30.245512Z,success,,988,true,
20260112_203043_303150,2026-01-12T20:30:43.303322Z,success,,990,true,
20260112_204556_247090,2026-01-12T20:45:56.247390Z,success,,987,true,
20260112_210109_689766,2026-01-12T21:01:09.689946Z,success,,948,true,
20260112_211622_742145,2026-01-12T21:16:22.742387Z,success,,987,true,
20260112_213136_724104,2026-01-12T21:31:36.724354Z,success,,1000,true,
20260112_214654_206534,2026-01-12T21:46:54.206906Z,success,,987,true,
20260112_220208_225684,2026-01-12T22:02:08.225922Z,success,,986,true,
20260112_234559_086080,2026-01-12T23:45:59.086606Z,success,,987,true,
20260113_002304_716379,2026-01-13T00:23:04.716705Z,success,,987,true,
20260113_003817_661747,2026-01-13T00:38:17.662243Z,success,,988,true,
20260113_005329_755512,2026-01-13T00:53:29.755914Z,success,,988,true,
20260113_010842_857452,2026-01-13T01:08:42.857983Z,success,,989,true,
20260113_012354_761721,2026-01-13T01:23:54.761979Z,success,,987,true,
20260113_013908_753828,2026-01-13T01:39:08.754432Z,success,,953,true,
20260113_015421_178191,2026-01-13T01:54:21.178942Z,success,,988,true,
20260113_020934_723104,2026-01-13T02:09:34.723385Z,success,,986,true,
20260113_022447_390723,2026-01-13T02:24:47.391090Z,success,,988,true,
20260113_024002_399113,2026-01-13T02:40:02.399546Z,success,,989,true,
20260113_025519_497647,2026-01-13T02:55:19.498121Z,success,,991,true,
20260113_031037_598955,2026-01-13T03:10:37.599291Z,success,,991,true,
20260113_032551_064722,2026-01-13T03:25:51.064945Z,success,,991,true,
20260113_034103_709895,2026-01-13T03:41:03.710084Z,success,,991,true,
20260113_035617_021512,2026-01-13T03:56:17.021810Z,success,,991,true,
20260113_041136_521166,2026-01-13T04:11:36.521377Z,success,,991,true,
20260113_042653_547754,2026-01-13T04:26:53.547979Z,success,,990,true,
20260113_044206_018046,2026-01-13T04:42:06.018346Z,success,,991,true,
20260113_045722_496446,2026-01-13T04:57:22.496774Z,success,,992,true,
20260113_051238_204953,2026-01-13T05:12:38.205238Z,success,,991,true,
20260113_052752_654451,2026-01-13T05:27:52.654743Z,success,,984,true,
20260113_054305_308963,2026-01-13T05:43:05.309403Z,success,,996,true,
20260113_055817_268900,2026-01-13T05:58:17.269142Z,success,,995,true,
20260113_061330_349725,2026-01-13T06:13:30.350020Z,success,,996,true,
20260113_062844_126114,2026-01-13T06:28:44.126588Z,success,,997,true,
20260113_064356_021410,2026-01-13T06:43:56.021895Z,success,,997,true,
20260113_065907_246172,2026-01-13T06:59:07.246463Z,success,,997,true,
20260113_071421_304469,2026-01-13T07:14:21.304643Z,success,,995,true,
20260113_072934_484249,2026-01-13T07:29:34.484421Z,success,,994,true,
20260113_074446_755325,2026-01-13T07:44:46.755685Z,success,,994,true,
20260113_075958_668966,2026-01-13T07:59:58.669272Z,success,,994,true,
20260113_081512_103295,2026-01-13T08:15:12.103486Z,success,,994,true,
20260113_083025_145581,2026-01-13T08:30:25.145840Z,success,,995,true,
20260113_084537_670039,2026-01-13T08:45:37.670300Z,success,,995,true,
20260113_090048_871141,2026-01-13T09:00:48.871488Z,success,,994,true,
20260113_091601_263911,2026-01-13T09:16:01.264262Z,success,,989,true,
20260113_093112_627212,2026-01-13T09:31:12.627566Z,success,,995,true,
20260113_094624_475937,2026-01-13T09:46:24.476337Z,success,,995,true,
20260113_100137_151749,2026-01-13T10:01:37.151947Z,success,,994,true,
20260113_101650_373717,2026-01-13T10:16:50.373925Z,success,,994,true,
20260113_103202_530120,2026-01-13T10:32:02.530354Z,success,,996,true,
20260113_104715_704410,2026-01-13T10:47:15.705178Z,success,,994,true,
20260113_110228_881657,2026-01-13T11:02:28.881870Z,success,,995,true,
20260113_111742_122330,2026-01-13T11:17:42.122635Z,partial,,0,true,
20260113_113451_129242,2026-01-13T11:34:51.129479Z,success,,993,true,
20260113_115004_186858,2026-01-13T11:50:04.187150Z,success,,994,true,
20260113_120517_157976,2026-01-13T12:05:17.158189Z,success,,994,true,
20260113_122029_966627,2026-01-13T12:20:29.966886Z,success,,995,true,
20260113_123543_239565,2026-01-13T12:35:43.239875Z,success,,993,true,
20260113_125057_236551,2026-01-13T12:50:57.236940Z,success,,994,true,
20260113_130609_967698,2026-01-13T13:06:09.967942Z,success,,994,true,
20260113_132122_433574,2026-01-13T13:21:22.433959Z,success,,992,true,
20260113_133636_318634,2026-01-13T13:36:36.318923Z,success,,994,true,
20260113_135150_009746,2026-01-13T13:51:50.009984Z,success,,993,true,
20260113_140702_158080,2026-01-13T14:07:02.158308Z,success,,994,true,
20260113_142215_821500,2026-01-13T14:22:15.821750Z,success,,988,true,
20260113_143728_483083,2026-01-13T14:37:28.483293Z,success,,994,true,
20260113_145243_549021,2026-01-13T14:52:43.549411Z,success,,992,true,
20260113_150756_394896,2026-01-13T15:07:56.395447Z,success,,991,true,
20260113_152309_702799,2026-01-13T15:23:09.703404Z,success,,994,true,
20260113_153822_214203,2026-01-13T15:38:22.214669Z,success,,994,true,
20260113_155334_374568,2026-01-13T15:53:34.374697Z,success,,995,true,
20260113_160848_242243,2026-01-13T16:08:48.242686Z,success,,995,true,
20260113_162401_417900,2026-01-13T16:24:01.418148Z,success,,994,true,
20260113_163914_594881,2026-01-13T16:39:14.595161Z,success,,996,true,
