prev_run_started_utc,next_run_started_utc,gap_minutes,gt30m,gt60m
2026-01-06T16:39:46.917713Z,2026-01-06T16:54:59.192715Z,15.204583,false,false
2026-01-06T16:54:59.192715Z,2026-01-06T17:10:12.466344Z,15.221227,false,false
2026-01-06T17:10:12.466344Z,2026-01-06T17:25:25.460449Z,15.216568,false,false
2026-01-06T17:25:25.460449Z,2026-01-06T17:40:38.944482Z,15.224734,false,false
2026-01-06T17:40:38.944482Z,2026-01-06T17:55:53.441542Z,15.241618,false,false
2026-01-06T17:55:53.441542Z,2026-01-06T18:11:08.940664Z,15.258319,false,false
2026-01-06T18:11:08.940664Z,2026-01-06T18:26:23.744113Z,15.246724,false,false
2026-01-06T18:26:23.744113Z,2026-01-06T18:41:36.470540Z,15.212107,false,false
2026-01-06T18:41:36.470540Z,2026-01-06T18:56:52.388562Z,15.2653,false,false
2026-01-06T18:56:52.388562Z,2026-01-06T19:12:05.865336Z,15.224613,false,false
2026-01-06T19:12:05.865336Z,2026-01-06T19:27:18.776330Z,15.215183,false,false
2026-01-06T19:27:18.776330Z,2026-01-06T19:42:32.861267Z,15.234749,false,false
2026-01-06T19:42:32.861267Z,2026-01-06T19:57:45.004286Z,15.202384,false,false
2026-01-06T19:57:45.004286Z,2026-01-06T20:12:58.473287Z,15.224483,false,false
2026-01-06T20:12:58.473287Z,2026-01-06T20:28:12.101392Z,15.227135,false,false
2026-01-06T20:28:12.101392Z,2026-01-06T20:43:26.145394Z,15.234067,false,false
2026-01-06T20:43:26.145394Z,2026-01-06T20:58:41.068536Z,15.248719,false,false
2026-01-06T20:58:41.068536Z,2026-01-06T21:13:53.469350Z,15.20668,false,false
2026-01-06T21:13:53.469350Z,2026-01-06T21:29:05.759702Z,15.204839,false,false
2026-01-06T21:29:05.759702Z,2026-01-06T21:44:19.518427Z,15.229312,false,false
2026-01-06T21:44:19.518427Z,2026-01-06T21:59:32.019900Z,15.208358,false,false
2026-01-06T21:59:32.019900Z,2026-01-06T22:14:46.196580Z,15.236278,false,false
2026-01-06T22:14:46.196580Z,2026-01-06T22:29:58.321850Z,15.202088,false,false
2026-01-06T22:29:58.321850Z,2026-01-06T22:45:10.857627Z,15.20893,false,false
2026-01-06T22:45:10.857627Z,2026-01-06T23:00:24.107382Z,15.220829,false,false
2026-01-06T23:00:24.107382Z,2026-01-06T23:15:40.064089Z,15.265945,false,false
2026-01-06T23:15:40.064089Z,2026-01-06T23:30:55.653236Z,15.259819,false,false
2026-01-06T23:30:55.653236Z,2026-01-06T23:46:08.168607Z,15.20859,false,false
2026-01-06T23:46:08.168607Z,2026-01-07T00:01:20.146010Z,15.199623,false,false
2026-01-07T00:01:20.146010Z,2026-01-07T00:16:32.537272Z,15.206521,false,false
2026-01-07T00:16:32.537272Z,2026-01-07T00:31:46.804998Z,15.237795,false,false
2026-01-07T00:31:46.804998Z,2026-01-07T00:49:33.634143Z,17.780486,false,false
2026-01-07T00:49:33.634143Z,2026-01-07T01:04:46.212727Z,15.209643,false,false
2026-01-07T01:04:46.212727Z,2026-01-07T01:22:07.625104Z,17.356873,false,false
2026-01-07T01:22:07.625104Z,2026-01-07T01:37:20.583810Z,15.215978,false,false
2026-01-07T01:37:20.583810Z,2026-01-07T01:52:35.179208Z,15.243257,false,false
2026-01-07T01:52:35.179208Z,2026-01-07T02:07:49.346427Z,15.23612,false,false
2026-01-07T02:07:49.346427Z,2026-01-07T02:23:01.271140Z,15.198745,false,false
2026-01-07T02:23:01.271140Z,2026-01-07T02:38:14.709412Z,15.223971,false,false
2026-01-07T02:38:14.709412Z,2026-01-07T02:53:29.376853Z,15.244457,false,false
2026-01-07T02:53:29.376853Z,2026-01-07T03:08:41.547077Z,15.202837,false,false
2026-01-07T03:08:41.547077Z,2026-01-07T03:23:54.180272Z,15.210553,false,false
2026-01-07T03:23:54.180272Z,2026-01-07T03:39:08.503908Z,15.238727,false,false
2026-01-07T03:39:08.503908Z,2026-01-07T03:54:21.185626Z,15.211362,false,false
2026-01-07T03:54:21.185626Z,2026-01-07T04:09:34.167628Z,15.216367,false,false
2026-01-07T04:09:34.167628Z,2026-01-07T04:24:48.382112Z,15.236908,false,false
2026-01-07T04:24:48.382112Z,2026-01-07T05:04:25.174159Z,39.613201,true,false
2026-01-07T05:04:25.174159Z,2026-01-07T05:19:38.105832Z,15.215528,false,false
2026-01-07T05:19:38.105832Z,2026-01-07T05:34:51.060394Z,15.215909,false,false
2026-01-07T05:34:51.060394Z,2026-01-07T05:50:03.350680Z,15.204838,false,false
2026-01-07T05:50:03.350680Z,2026-01-07T06:05:16.340464Z,15.216496,false,false
2026-01-07T06:05:16.340464Z,2026-01-07T06:20:28.777585Z,15.207285,false,false
2026-01-07T06:20:28.777585Z,2026-01-07T06:35:42.107270Z,15.222161,false,false
2026-01-07T06:35:42.107270Z,2026-01-07T06:50:54.409121Z,15.205031,false,false
2026-01-07T06:50:54.409121Z,2026-01-07T07:06:08.641879Z,15.237213,false,false
2026-01-07T07:06:08.641879Z,2026-01-07T07:21:21.636055Z,15.21657,false,false
2026-01-07T07:21:21.636055Z,2026-01-07T07:36:33.976643Z,15.205676,false,false
2026-01-07T07:36:33.976643Z,2026-01-07T07:51:46.017109Z,15.200674,false,false
2026-01-07T07:51:46.017109Z,2026-01-07T08:06:58.369362Z,15.205871,false,false
2026-01-07T08:06:58.369362Z,2026-01-07T08:22:11.432527Z,15.217719,false,false
2026-01-07T08:22:11.432527Z,2026-01-07T08:37:23.110540Z,15.194634,false,false
2026-01-07T08:37:23.110540Z,2026-01-07T08:52:35.309135Z,15.20331,false,false
2026-01-07T08:52:35.309135Z,2026-01-07T09:07:47.764962Z,15.207597,false,false
2026-01-07T09:07:47.764962Z,2026-01-07T09:23:01.233851Z,15.224481,false,false
2026-01-07T09:23:01.233851Z,2026-01-07T09:38:14.879571Z,15.227429,false,false
2026-01-07T09:38:14.879571Z,2026-01-07T09:53:27.639966Z,15.212673,false,false
2026-01-07T09:53:27.639966Z,2026-01-07T10:08:40.194293Z,15.209239,false,false
2026-01-07T10:08:40.194293Z,2026-01-07T10:23:53.082171Z,15.214798,false,false
2026-01-07T10:23:53.082171Z,2026-01-07T10:39:05.873048Z,15.213181,false,false
2026-01-07T10:39:05.873048Z,2026-01-07T10:54:19.477808Z,15.226746,false,false
2026-01-07T10:54:19.477808Z,2026-01-07T11:09:31.514038Z,15.200604,false,false
2026-01-07T11:09:31.514038Z,2026-01-07T11:24:44.334764Z,15.213679,false,false
2026-01-07T11:24:44.334764Z,2026-01-07T11:39:57.202979Z,15.21447,false,false
2026-01-07T11:39:57.202979Z,2026-01-07T11:55:10.559193Z,15.222604,false,false
2026-01-07T11:55:10.559193Z,2026-01-07T12:10:22.891325Z,15.205536,false,false
2026-01-07T12:10:22.891325Z,2026-01-07T12:25:35.586257Z,15.211582,false,false
2026-01-07T12:25:35.586257Z,2026-01-07T12:40:48.055164Z,15.207815,false,false
2026-01-07T12:40:48.055164Z,2026-01-07T12:56:01.035829Z,15.216344,false,false
2026-01-07T12:56:01.035829Z,2026-01-07T13:11:15.083951Z,15.234135,false,false
2026-01-07T13:11:15.083951Z,2026-01-07T13:26:27.879270Z,15.213255,false,false
2026-01-07T13:26:27.879270Z,2026-01-07T13:41:41.305121Z,15.223764,false,false
2026-01-07T13:41:41.305121Z,2026-01-07T13:56:53.893413Z,15.209805,false,false
2026-01-07T13:56:53.893413Z,2026-01-07T14:12:06.965522Z,15.217868,false,false
2026-01-07T14:12:06.965522Z,2026-01-07T14:27:20.649872Z,15.228072,false,false
2026-01-07T14:27:20.649872Z,2026-01-07T14:42:34.899593Z,15.237495,false,false
2026-01-07T14:42:34.899593Z,2026-01-07T14:57:47.973099Z,15.217892,false,false
2026-01-07T14:57:47.973099Z,2026-01-07T15:13:01.295733Z,15.222044,false,false
2026-01-07T15:13:01.295733Z,2026-01-07T15:28:14.241152Z,15.215757,false,false
2026-01-07T15:28:14.241152Z,2026-01-07T15:43:28.171555Z,15.232173,false,false
2026-01-07T15:43:28.171555Z,2026-01-07T15:58:45.910105Z,15.295643,false,false
2026-01-07T15:58:45.910105Z,2026-01-07T16:13:58.925894Z,15.21693,false,false
2026-01-07T16:13:58.925894Z,2026-01-07T16:29:11.908810Z,15.216382,false,false
2026-01-07T16:29:11.908810Z,2026-01-07T16:44:25.954916Z,15.234102,false,false
2026-01-07T16:44:25.954916Z,2026-01-07T17:00:04.266856Z,15.638532,false,false
2026-01-07T17:00:04.266856Z,2026-01-07T17:16:39.215525Z,16.582478,false,false
2026-01-07T17:16:39.215525Z,2026-01-07T17:32:19.101304Z,15.664763,false,false
2026-01-07T17:32:19.101304Z,2026-01-07T17:47:57.526398Z,15.640418,false,false
2026-01-07T17:47:57.526398Z,2026-01-07T18:03:37.621401Z,15.66825,false,false
2026-01-07T18:03:37.621401Z,2026-01-07T18:19:17.471665Z,15.664171,false,false
2026-01-07T18:19:17.471665Z,2026-01-07T18:35:05.549968Z,15.801305,false,false
2026-01-07T18:35:05.549968Z,2026-01-07T18:50:45.635546Z,15.668093,false,false
2026-01-07T18:50:45.635546Z,2026-01-07T19:06:36.175389Z,15.842331,false,false
2026-01-07T19:06:36.175389Z,2026-01-07T19:22:20.654174Z,15.741313,false,false
2026-01-07T19:22:20.654174Z,2026-01-07T19:38:05.737820Z,15.751394,false,false
2026-01-07T19:38:05.737820Z,2026-01-07T19:53:45.186052Z,15.657471,false,false
2026-01-07T19:53:45.186052Z,2026-01-07T20:09:30.471297Z,15.754754,false,false
2026-01-07T20:09:30.471297Z,2026-01-07T20:25:57.542070Z,16.45118,false,false
2026-01-07T20:25:57.542070Z,2026-01-07T20:41:41.589383Z,15.734122,false,false
2026-01-07T20:41:41.589383Z,2026-01-07T20:57:21.581191Z,15.66653,false,false
2026-01-07T20:57:21.581191Z,2026-01-07T21:13:06.878965Z,15.754963,false,false
2026-01-07T21:13:06.878965Z,2026-01-07T21:28:53.993106Z,15.785236,false,false
2026-01-07T21:28:53.993106Z,2026-01-07T21:44:40.934537Z,15.782357,false,false
2026-01-07T21:44:40.934537Z,2026-01-07T22:00:23.898367Z,15.716064,false,false
2026-01-07T22:00:23.898367Z,2026-01-07T22:16:57.926248Z,16.567131,false,false
2026-01-07T22:16:57.926248Z,2026-01-07T22:32:43.356392Z,15.757169,false,false
2026-01-07T22:32:43.356392Z,2026-01-07T22:48:32.175158Z,15.813646,false,false
2026-01-07T22:48:32.175158Z,2026-01-07T23:04:44.065556Z,16.198173,false,false
2026-01-07T23:04:44.065556Z,2026-01-07T23:20:53.957703Z,16.164869,false,false
2026-01-07T23:20:53.957703Z,2026-01-07T23:38:01.420291Z,17.124376,false,false
2026-01-07T23:38:01.420291Z,2026-01-07T23:54:04.259407Z,16.047319,false,false
2026-01-07T23:54:04.259407Z,2026-01-08T00:10:13.468690Z,16.153488,false,false
2026-01-08T00:10:13.468690Z,2026-01-08T00:27:32.874760Z,17.323435,false,false
2026-01-08T00:27:32.874760Z,2026-01-08T00:43:15.996180Z,15.71869,false,false
2026-01-08T00:43:15.996180Z,2026-01-08T00:58:54.702318Z,15.645102,false,false
2026-01-08T00:58:54.702318Z,2026-01-08T01:14:33.633266Z,15.648849,false,false
2026-01-08T01:14:33.633266Z,2026-01-08T01:30:11.040284Z,15.62345,false,false
2026-01-08T01:30:11.040284Z,2026-01-08T01:46:29.564852Z,16.308743,false,false
2026-01-08T01:46:29.564852Z,2026-01-08T02:02:08.035910Z,15.641184,false,false
2026-01-08T02:02:08.035910Z,2026-01-08T02:17:47.647293Z,15.66019,false,false
2026-01-08T02:17:47.647293Z,2026-01-08T02:33:34.798322Z,15.78585,false,false
2026-01-08T02:33:34.798322Z,2026-01-08T02:49:09.892699Z,15.584906,false,false
2026-01-08T02:49:09.892699Z,2026-01-08T03:04:54.606295Z,15.745227,false,false
2026-01-08T03:04:54.606295Z,2026-01-08T03:20:42.227251Z,15.793683,false,false
2026-01-08T03:20:42.227251Z,2026-01-08T03:36:28.157435Z,15.765503,false,false
2026-01-08T03:36:28.157435Z,2026-01-08T03:52:12.414947Z,15.737625,false,false
2026-01-08T03:52:12.414947Z,2026-01-08T04:07:53.570143Z,15.68592,false,false
2026-01-08T04:07:53.570143Z,2026-01-08T04:23:41.623113Z,15.800883,false,false
2026-01-08T04:23:41.623113Z,2026-01-08T04:39:19.625904Z,15.63338,false,false
2026-01-08T04:39:19.625904Z,2026-01-08T04:55:08.908271Z,15.821373,false,false
2026-01-08T04:55:08.908271Z,2026-01-08T05:26:06.934507Z,30.967104,true,false
2026-01-08T05:26:06.934507Z,2026-01-08T12:45:04.219931Z,438.954757,true,true
2026-01-08T12:45:04.219931Z,2026-01-08T12:46:21.924399Z,1.295074,false,false
2026-01-08T12:46:21.924399Z,2026-01-08T12:47:09.117141Z,0.786546,false,false
2026-01-08T12:47:09.117141Z,2026-01-08T12:48:47.300372Z,1.636387,false,false
2026-01-08T12:48:47.300372Z,2026-01-08T12:49:58.833258Z,1.192215,false,false
2026-01-08T12:49:58.833258Z,2026-01-08T12:50:26.045887Z,0.453544,false,false
2026-01-08T12:50:26.045887Z,2026-01-08T12:51:05.075267Z,0.65049,false,false
2026-01-08T12:51:05.075267Z,2026-01-08T12:51:33.519217Z,0.474066,false,false
2026-01-08T12:51:33.519217Z,2026-01-08T12:52:11.557340Z,0.633969,false,false
2026-01-08T12:52:11.557340Z,2026-01-08T12:55:20.358587Z,3.146687,false,false
2026-01-08T12:55:20.358587Z,2026-01-08T12:55:20.448253Z,0.001494,false,false
2026-01-08T12:55:20.448253Z,2026-01-08T12:55:20.536396Z,0.001469,false,false
2026-01-08T12:55:20.536396Z,2026-01-08T12:55:46.695033Z,0.435977,false,false
2026-01-08T12:55:46.695033Z,2026-01-08T12:55:52.018740Z,0.088728,false,false
2026-01-08T12:55:52.018740Z,2026-01-08T12:55:52.111885Z,0.001552,false,false
2026-01-08T12:55:52.111885Z,2026-01-08T12:55:52.209241Z,0.001623,false,false
2026-01-08T12:55:52.209241Z,2026-01-08T13:06:15.472932Z,10.387728,false,false
2026-01-08T13:06:15.472932Z,2026-01-08T13:07:11.026950Z,0.9259,false,false
2026-01-08T13:07:11.026950Z,2026-01-08T13:26:00.156726Z,18.81883,false,false
2026-01-08T13:26:00.156726Z,2026-01-08T13:26:24.874937Z,0.41197,false,false
2026-01-08T13:26:24.874937Z,2026-01-08T13:41:38.225749Z,15.222514,false,false
2026-01-08T13:41:38.225749Z,2026-01-08T13:56:50.937325Z,15.21186,false,false
2026-01-08T13:56:50.937325Z,2026-01-08T14:12:06.236991Z,15.254994,false,false
2026-01-08T14:12:06.236991Z,2026-01-08T14:27:18.894981Z,15.210967,false,false
2026-01-08T14:27:18.894981Z,2026-01-08T14:42:33.696937Z,15.246699,false,false
2026-01-08T14:42:33.696937Z,2026-01-08T14:57:46.586043Z,15.214818,false,false
2026-01-08T14:57:46.586043Z,2026-01-08T14:58:36.170916Z,0.826415,false,false
2026-01-08T14:58:36.170916Z,2026-01-08T15:13:48.919854Z,15.212482,false,false
2026-01-08T15:13:48.919854Z,2026-01-08T15:29:02.557737Z,15.227298,false,false
2026-01-08T15:29:02.557737Z,2026-01-08T15:44:16.303224Z,15.229091,false,false
2026-01-08T15:44:16.303224Z,2026-01-08T15:59:30.115153Z,15.230199,false,false
2026-01-08T15:59:30.115153Z,2026-01-08T16:14:43.787306Z,15.227869,false,false
2026-01-08T16:14:43.787306Z,2026-01-08T16:29:56.685633Z,15.214972,false,false
2026-01-08T16:29:56.685633Z,2026-01-08T16:45:10.414907Z,15.228821,false,false
2026-01-08T16:45:10.414907Z,2026-01-08T17:00:25.295780Z,15.248015,false,false
2026-01-08T17:00:25.295780Z,2026-01-08T17:15:38.925474Z,15.227162,false,false
2026-01-08T17:15:38.925474Z,2026-01-08T17:30:52.889737Z,15.232738,false,false
2026-01-08T17:30:52.889737Z,2026-01-08T17:46:05.533582Z,15.210731,false,false
2026-01-08T17:46:05.533582Z,2026-01-08T18:01:18.914810Z,15.22302,false,false
2026-01-08T18:01:18.914810Z,2026-01-08T18:16:33.037650Z,15.235381,false,false
2026-01-08T18:16:33.037650Z,2026-01-08T18:31:46.175541Z,15.218965,false,false
2026-01-08T18:31:46.175541Z,2026-01-08T18:46:59.786873Z,15.226856,false,false
2026-01-08T18:46:59.786873Z,2026-01-08T19:02:12.404725Z,15.210298,false,false
2026-01-08T19:02:12.404725Z,2026-01-08T19:17:25.575705Z,15.219516,false,false
2026-01-08T19:17:25.575705Z,2026-01-08T19:32:38.487968Z,15.215204,false,false
2026-01-08T19:32:38.487968Z,2026-01-08T19:47:51.842650Z,15.222578,false,false
2026-01-08T19:47:51.842650Z,2026-01-08T20:03:04.028474Z,15.203097,false,false
2026-01-08T20:03:04.028474Z,2026-01-08T20:18:16.152463Z,15.202066,false,false
2026-01-08T20:18:16.152463Z,2026-01-08T20:33:28.276891Z,15.202074,false,false
2026-01-08T20:33:28.276891Z,2026-01-08T20:48:41.317348Z,15.217341,false,false
2026-01-08T20:48:41.317348Z,2026-01-08T21:03:54.887185Z,15.226164,false,false
2026-01-08T21:03:54.887185Z,2026-01-08T21:19:11.582067Z,15.278248,false,false
2026-01-08T21:19:11.582067Z,2026-01-08T21:34:24.298663Z,15.211943,false,false
2026-01-08T21:34:24.298663Z,2026-01-08T21:49:37.893973Z,15.226589,false,false
2026-01-08T21:49:37.893973Z,2026-01-08T22:04:52.080134Z,15.236436,false,false
2026-01-08T22:04:52.080134Z,2026-01-08T22:20:05.149978Z,15.217831,false,false
2026-01-08T22:20:05.149978Z,2026-01-08T22:35:30.171126Z,15.417019,false,false
2026-01-08T22:35:30.171126Z,2026-01-08T22:50:42.275163Z,15.201734,false,false
2026-01-08T22:50:42.275163Z,2026-01-08T23:05:56.757478Z,15.241372,false,false
2026-01-08T23:05:56.757478Z,2026-01-08T23:21:09.599141Z,15.214028,false,false
2026-01-08T23:21:09.599141Z,2026-01-08T23:36:22.350912Z,15.21253,false,false
2026-01-08T23:36:22.350912Z,2026-01-08T23:51:35.568703Z,15.220297,false,false
2026-01-08T23:51:35.568703Z,2026-01-09T00:06:48.487875Z,15.21532,false,false
2026-01-09T00:06:48.487875Z,2026-01-09T00:22:04.562037Z,15.267903,false,false
2026-01-09T00:22:04.562037Z,2026-01-09T00:37:19.208206Z,15.244103,false,false
2026-01-09T00:37:19.208206Z,2026-01-09T00:52:34.664351Z,15.257602,false,false
2026-01-09T00:52:34.664351Z,2026-01-09T01:07:47.181313Z,15.208616,false,false
2026-01-09T01:07:47.181313Z,2026-01-09T01:23:01.110147Z,15.232147,false,false
2026-01-09T01:23:01.110147Z,2026-01-09T01:38:13.295457Z,15.203088,false,false
2026-01-09T01:38:13.295457Z,2026-01-09T01:53:26.137923Z,15.214041,false,false
2026-01-09T01:53:26.137923Z,2026-01-09T02:08:42.702937Z,15.276084,false,false
2026-01-09T02:08:42.702937Z,2026-01-09T02:24:01.530945Z,15.3138,false,false
2026-01-09T02:24:01.530945Z,2026-01-09T02:39:15.167793Z,15.227281,false,false
2026-01-09T02:39:15.167793Z,2026-01-09T02:54:27.938300Z,15.212842,false,false
2026-01-09T02:54:27.938300Z,2026-01-09T03:09:45.393106Z,15.290913,false,false
2026-01-09T03:09:45.393106Z,2026-01-09T03:24:58.673405Z,15.221338,false,false
2026-01-09T03:24:58.673405Z,2026-01-09T03:40:11.009744Z,15.205606,false,false
2026-01-09T03:40:11.009744Z,2026-01-09T03:55:24.709313Z,15.228326,false,false
2026-01-09T03:55:24.709313Z,2026-01-09T04:10:40.968702Z,15.27099,false,false
2026-01-09T04:10:40.968702Z,2026-01-09T04:25:55.553696Z,15.243083,false,false
2026-01-09T04:25:55.553696Z,2026-01-09T04:41:12.166312Z,15.276877,false,false
2026-01-09T04:41:12.166312Z,2026-01-09T04:56:24.702461Z,15.208936,false,false
2026-01-09T04:56:24.702461Z,2026-01-09T05:11:39.402179Z,15.244995,false,false
2026-01-09T05:11:39.402179Z,2026-01-09T05:26:53.237317Z,15.230586,false,false
2026-01-09T05:26:53.237317Z,2026-01-09T05:42:06.560594Z,15.222055,false,false
2026-01-09T05:42:06.560594Z,2026-01-09T05:57:19.520231Z,15.215994,false,false
2026-01-09T05:57:19.520231Z,2026-01-09T06:12:32.174193Z,15.210899,false,false
2026-01-09T06:12:32.174193Z,2026-01-09T06:27:44.865161Z,15.211516,false,false
2026-01-09T06:27:44.865161Z,2026-01-09T06:42:57.075466Z,15.203505,false,false
2026-01-09T06:42:57.075466Z,2026-01-09T06:58:09.793175Z,15.211962,false,false
2026-01-09T06:58:09.793175Z,2026-01-09T07:13:21.389595Z,15.193274,false,false
2026-01-09T07:13:21.389595Z,2026-01-09T07:28:33.578708Z,15.203152,false,false
2026-01-09T07:28:33.578708Z,2026-01-09T07:43:45.723770Z,15.202418,false,false
2026-01-09T07:43:45.723770Z,2026-01-09T07:58:58.080704Z,15.205949,false,false
2026-01-09T07:58:58.080704Z,2026-01-09T08:14:10.481755Z,15.206684,false,false
2026-01-09T08:14:10.481755Z,2026-01-09T08:29:23.091097Z,15.210156,false,false
2026-01-09T08:29:23.091097Z,2026-01-09T08:44:35.323371Z,15.203871,false,false
2026-01-09T08:44:35.323371Z,2026-01-09T08:59:47.228368Z,15.198417,false,false
2026-01-09T08:59:47.228368Z,2026-01-09T09:15:00.385775Z,15.21929,false,false
2026-01-09T09:15:00.385775Z,2026-01-09T09:30:13.193826Z,15.213468,false,false
2026-01-09T09:30:13.193826Z,2026-01-09T09:45:27.317222Z,15.23539,false,false
2026-01-09T09:45:27.317222Z,2026-01-09T10:00:40.066780Z,15.212493,false,false
2026-01-09T10:00:40.066780Z,2026-01-09T10:15:52.706074Z,15.210655,false,false
2026-01-09T10:15:52.706074Z,2026-01-09T10:31:05.760370Z,15.217572,false,false
2026-01-09T10:31:05.760370Z,2026-01-09T10:46:18.213833Z,15.207558,false,false
2026-01-09T10:46:18.213833Z,2026-01-09T11:01:29.938295Z,15.195408,false,false
2026-01-09T11:01:29.938295Z,2026-01-09T11:16:42.610980Z,15.211211,false,false
2026-01-09T11:16:42.610980Z,2026-01-09T11:31:57.138974Z,15.242133,false,false
2026-01-09T11:31:57.138974Z,2026-01-09T11:47:11.070158Z,15.232186,false,false
2026-01-09T11:47:11.070158Z,2026-01-09T12:02:23.135663Z,15.201092,false,false
2026-01-09T12:02:23.135663Z,2026-01-09T12:17:36.821339Z,15.228095,false,false
2026-01-09T12:17:36.821339Z,2026-01-09T12:32:50.794973Z,15.232894,false,false
2026-01-09T12:32:50.794973Z,2026-01-09T12:48:03.874912Z,15.217999,false,false
2026-01-09T12:48:03.874912Z,2026-01-09T13:03:16.868681Z,15.216563,false,false
2026-01-09T13:03:16.868681Z,2026-01-09T13:18:30.694371Z,15.230428,false,false
2026-01-09T13:18:30.694371Z,2026-01-09T13:33:43.892674Z,15.219972,false,false
2026-01-09T13:33:43.892674Z,2026-01-09T13:48:57.965097Z,15.23454,false,false
2026-01-09T13:48:57.965097Z,2026-01-09T14:04:09.565102Z,15.193333,false,false
2026-01-09T14:04:09.565102Z,2026-01-09T14:19:21.691304Z,15.202103,false,false
2026-01-09T14:19:21.691304Z,2026-01-09T14:34:33.967804Z,15.204608,false,false
2026-01-09T14:34:33.967804Z,2026-01-09T14:49:45.856445Z,15.198144,false,false
2026-01-09T14:49:45.856445Z,2026-01-09T15:04:59.159123Z,15.221711,false,false
2026-01-09T15:04:59.159123Z,2026-01-09T15:20:11.973134Z,15.213567,false,false
2026-01-09T15:20:11.973134Z,2026-01-09T15:35:25.168273Z,15.219919,false,false
2026-01-09T15:35:25.168273Z,2026-01-09T15:50:37.707241Z,15.208983,false,false
2026-01-09T15:50:37.707241Z,2026-01-09T16:05:51.289463Z,15.22637,false,false
2026-01-09T16:05:51.289463Z,2026-01-09T16:21:03.352929Z,15.201058,false,false
2026-01-09T16:21:03.352929Z,2026-01-09T16:36:17.536047Z,15.236385,false,false
2026-01-09T16:36:17.536047Z,2026-01-09T16:51:31.157120Z,15.227018,false,false
2026-01-09T16:51:31.157120Z,2026-01-09T17:06:44.254774Z,15.218294,false,false
2026-01-09T17:06:44.254774Z,2026-01-09T17:21:57.881051Z,15.227105,false,false
2026-01-09T17:21:57.881051Z,2026-01-09T17:37:10.797320Z,15.215271,false,false
2026-01-09T17:37:10.797320Z,2026-01-09T17:52:23.999208Z,15.220031,false,false
2026-01-09T17:52:23.999208Z,2026-01-09T18:07:37.709132Z,15.228499,false,false
2026-01-09T18:07:37.709132Z,2026-01-09T18:22:51.813052Z,15.235065,false,false
2026-01-09T18:22:51.813052Z,2026-01-09T18:38:04.824155Z,15.216852,false,false
2026-01-09T18:38:04.824155Z,2026-01-09T18:53:18.588266Z,15.229402,false,false
2026-01-09T18:53:18.588266Z,2026-01-09T19:08:31.835989Z,15.220795,false,false
2026-01-09T19:08:31.835989Z,2026-01-09T19:23:44.632075Z,15.213268,false,false
2026-01-09T19:23:44.632075Z,2026-01-09T19:38:57.567057Z,15.215583,false,false
2026-01-09T19:38:57.567057Z,2026-01-09T19:54:10.637589Z,15.217842,false,false
2026-01-09T19:54:10.637589Z,2026-01-09T20:09:23.060004Z,15.20704,false,false
2026-01-09T20:09:23.060004Z,2026-01-09T20:24:35.965712Z,15.215095,false,false
2026-01-09T20:24:35.965712Z,2026-01-09T20:39:49.832866Z,15.231119,false,false
2026-01-09T20:39:49.832866Z,2026-01-09T20:55:03.829437Z,15.233276,false,false
2026-01-09T20:55:03.829437Z,2026-01-09T21:10:16.630925Z,15.213358,false,false
2026-01-09T21:10:16.630925Z,2026-01-09T21:25:30.102410Z,15.224525,false,false
2026-01-09T21:25:30.102410Z,2026-01-09T21:40:43.725527Z,15.227052,false,false
2026-01-09T21:40:43.725527Z,2026-01-09T21:55:57.438457Z,15.228549,false,false
2026-01-09T21:55:57.438457Z,2026-01-09T22:11:11.157521Z,15.228651,false,false
2026-01-09T22:11:11.157521Z,2026-01-09T22:26:24.696213Z,15.225645,false,false
2026-01-09T22:26:24.696213Z,2026-01-09T22:41:37.832738Z,15.218942,false,false
2026-01-09T22:41:37.832738Z,2026-01-09T22:56:51.941026Z,15.235138,false,false
2026-01-09T22:56:51.941026Z,2026-01-09T23:12:05.619060Z,15.227967,false,false
2026-01-09T23:12:05.619060Z,2026-01-09T23:27:18.672132Z,15.217551,false,false
2026-01-09T23:27:18.672132Z,2026-01-09T23:42:34.139221Z,15.257785,false,false
2026-01-09T23:42:34.139221Z,2026-01-09T23:57:48.749962Z,15.243512,false,false
2026-01-09T23:57:48.749962Z,2026-01-10T00:13:01.957664Z,15.220128,false,false
2026-01-10T00:13:01.957664Z,2026-01-10T00:28:17.427179Z,15.257825,false,false
2026-01-10T00:28:17.427179Z,2026-01-10T00:43:31.375071Z,15.232465,false,false
2026-01-10T00:43:31.375071Z,2026-01-10T00:58:45.247889Z,15.231214,false,false
2026-01-10T00:58:45.247889Z,2026-01-10T01:13:58.720140Z,15.224538,false,false
2026-01-10T01:13:58.720140Z,2026-01-10T01:29:12.799708Z,15.234659,false,false
2026-01-10T01:29:12.799708Z,2026-01-10T01:44:29.023814Z,15.270402,false,false
2026-01-10T01:44:29.023814Z,2026-01-10T01:59:42.087500Z,15.217728,false,false
2026-01-10T01:59:42.087500Z,2026-01-10T02:14:56.143653Z,15.234269,false,false
2026-01-10T02:14:56.143653Z,2026-01-10T02:30:13.212835Z,15.284486,false,false
2026-01-10T02:30:13.212835Z,2026-01-10T02:45:27.819801Z,15.243449,false,false
2026-01-10T02:45:27.819801Z,2026-01-10T03:00:45.195115Z,15.289589,false,false
2026-01-10T03:00:45.195115Z,2026-01-10T03:16:04.416968Z,15.320364,false,false
2026-01-10T03:16:04.416968Z,2026-01-10T03:31:18.836528Z,15.240326,false,false
2026-01-10T03:31:18.836528Z,2026-01-10T03:46:33.325067Z,15.241476,false,false
2026-01-10T03:46:33.325067Z,2026-01-10T04:01:47.119107Z,15.229901,false,false
2026-01-10T04:01:47.119107Z,2026-01-10T04:17:00.363763Z,15.220744,false,false
2026-01-10T04:17:00.363763Z,2026-01-10T04:32:13.271543Z,15.21513,false,false
2026-01-10T04:32:13.271543Z,2026-01-10T04:47:26.922657Z,15.227519,false,false
2026-01-10T04:47:26.922657Z,2026-01-10T05:02:39.759346Z,15.213945,false,false
2026-01-10T05:02:39.759346Z,2026-01-10T05:17:53.169006Z,15.223494,false,false
2026-01-10T05:17:53.169006Z,2026-01-10T05:33:05.700213Z,15.208853,false,false
2026-01-10T05:33:05.700213Z,2026-01-10T05:48:18.780058Z,15.217997,false,false
2026-01-10T05:48:18.780058Z,2026-01-10T06:03:31.581094Z,15.213351,false,false
2026-01-10T06:03:31.581094Z,2026-01-10T06:18:44.724764Z,15.219061,false,false
2026-01-10T06:18:44.724764Z,2026-01-10T06:33:57.390822Z,15.211101,false,false
2026-01-10T06:33:57.390822Z,2026-01-10T06:49:10.058420Z,15.211127,false,false
2026-01-10T06:49:10.058420Z,2026-01-10T07:04:23.117734Z,15.217655,false,false
2026-01-10T07:04:23.117734Z,2026-01-10T07:19:36.390987Z,15.221221,false,false
2026-01-10T07:19:36.390987Z,2026-01-10T07:34:48.719982Z,15.205483,false,false
2026-01-10T07:34:48.719982Z,2026-01-10T07:50:01.133088Z,15.206885,false,false
2026-01-10T07:50:01.133088Z,2026-01-10T08:05:13.021799Z,15.198145,false,false
2026-01-10T08:05:13.021799Z,2026-01-10T08:20:25.139020Z,15.201954,false,false
2026-01-10T08:20:25.139020Z,2026-01-10T08:35:37.824136Z,15.211419,false,false
2026-01-10T08:35:37.824136Z,2026-01-10T08:50:49.222207Z,15.189968,false,false
2026-01-10T08:50:49.222207Z,2026-01-10T09:06:02.983748Z,15.229359,false,false
2026-01-10T09:06:02.983748Z,2026-01-10T09:21:15.568957Z,15.209753,false,false
2026-01-10T09:21:15.568957Z,2026-01-10T09:36:27.595595Z,15.200444,false,false
2026-01-10T09:36:27.595595Z,2026-01-10T09:51:40.503110Z,15.215125,false,false
2026-01-10T09:51:40.503110Z,2026-01-10T10:06:53.075765Z,15.209544,false,false
2026-01-10T10:06:53.075765Z,2026-01-10T10:22:06.621729Z,15.225766,false,false
2026-01-10T10:22:06.621729Z,2026-01-10T10:37:18.435627Z,15.196898,false,false
2026-01-10T10:37:18.435627Z,2026-01-10T10:52:31.442140Z,15.216775,false,false
2026-01-10T10:52:31.442140Z,2026-01-10T11:07:43.486783Z,15.200744,false,false
2026-01-10T11:07:43.486783Z,2026-01-10T11:22:56.036027Z,15.209154,false,false
2026-01-10T11:22:56.036027Z,2026-01-10T11:38:10.169193Z,15.235553,false,false
2026-01-10T11:38:10.169193Z,2026-01-10T11:53:22.909416Z,15.212337,false,false
2026-01-10T11:53:22.909416Z,2026-01-10T12:08:35.813995Z,15.215076,false,false
2026-01-10T12:08:35.813995Z,2026-01-10T12:23:48.540051Z,15.212101,false,false
2026-01-10T12:23:48.540051Z,2026-01-10T12:39:00.739292Z,15.203321,false,false
2026-01-10T12:39:00.739292Z,2026-01-10T12:54:14.433483Z,15.228237,false,false
2026-01-10T12:54:14.433483Z,2026-01-10T13:09:28.694763Z,15.237688,false,false
2026-01-10T13:09:28.694763Z,2026-01-10T13:24:41.357807Z,15.211051,false,false
2026-01-10T13:24:41.357807Z,2026-01-10T13:39:55.182974Z,15.230419,false,false
2026-01-10T13:39:55.182974Z,2026-01-10T13:55:08.451589Z,15.221144,false,false
2026-01-10T13:55:08.451589Z,2026-01-10T14:10:21.978529Z,15.225449,false,false
2026-01-10T14:10:21.978529Z,2026-01-10T14:25:35.341523Z,15.222717,false,false
2026-01-10T14:25:35.341523Z,2026-01-10T14:40:49.388554Z,15.234117,false,false
2026-01-10T14:40:49.388554Z,2026-01-10T14:56:04.366822Z,15.249638,false,false
2026-01-10T14:56:04.366822Z,2026-01-10T15:11:18.182151Z,15.230255,false,false
2026-01-10T15:11:18.182151Z,2026-01-10T15:26:32.761579Z,15.24299,false,false
2026-01-10T15:26:32.761579Z,2026-01-10T15:41:46.528514Z,15.229449,false,false
2026-01-10T15:41:46.528514Z,2026-01-10T15:56:59.933938Z,15.223424,false,false
2026-01-10T15:56:59.933938Z,2026-01-10T16:12:13.701500Z,15.229459,false,false
2026-01-10T16:12:13.701500Z,2026-01-10T16:27:28.997358Z,15.254931,false,false
2026-01-10T16:27:28.997358Z,2026-01-10T16:42:42.313740Z,15.22194,false,false
2026-01-10T16:42:42.313740Z,2026-01-10T16:57:57.137191Z,15.247058,false,false
2026-01-10T16:57:57.137191Z,2026-01-10T17:13:11.362407Z,15.237087,false,false
2026-01-10T17:13:11.362407Z,2026-01-10T17:28:25.375241Z,15.233547,false,false
2026-01-10T17:28:25.375241Z,2026-01-10T17:43:38.319461Z,15.215737,false,false
2026-01-10T17:43:38.319461Z,2026-01-10T17:58:52.214140Z,15.231578,false,false
2026-01-10T17:58:52.214140Z,2026-01-10T18:14:04.950545Z,15.212273,false,false
2026-01-10T18:14:04.950545Z,2026-01-10T18:29:17.384239Z,15.207228,false,false
2026-01-10T18:29:17.384239Z,2026-01-10T18:44:29.883019Z,15.208313,false,false
2026-01-10T18:44:29.883019Z,2026-01-10T18:59:42.344456Z,15.207691,false,false
2026-01-10T18:59:42.344456Z,2026-01-10T19:14:55.867925Z,15.225391,false,false
2026-01-10T19:14:55.867925Z,2026-01-10T19:30:10.572288Z,15.245073,false,false
2026-01-10T19:30:10.572288Z,2026-01-10T19:45:26.032656Z,15.257673,false,false
2026-01-10T19:45:26.032656Z,2026-01-10T20:00:39.966160Z,15.232225,false,false
2026-01-10T20:00:39.966160Z,2026-01-10T20:15:53.008498Z,15.217372,false,false
2026-01-10T20:15:53.008498Z,2026-01-10T20:31:07.245340Z,15.237281,false,false
2026-01-10T20:31:07.245340Z,2026-01-10T20:46:20.433196Z,15.219798,false,false
2026-01-10T20:46:20.433196Z,2026-01-10T21:01:34.633662Z,15.236674,false,false
2026-01-10T21:01:34.633662Z,2026-01-10T21:16:48.231825Z,15.226636,false,false
2026-01-10T21:16:48.231825Z,2026-01-10T21:32:01.743860Z,15.225201,false,false
2026-01-10T21:32:01.743860Z,2026-01-10T21:47:15.343294Z,15.226657,false,false
2026-01-10T21:47:15.343294Z,2026-01-10T22:02:29.873156Z,15.242164,false,false
2026-01-10T22:02:29.873156Z,2026-01-10T22:17:43.804671Z,15.232192,false,false
2026-01-10T22:17:43.804671Z,2026-01-10T22:32:57.430284Z,15.227094,false,false
2026-01-10T22:32:57.430284Z,2026-01-10T22:48:10.938028Z,15.225129,false,false
2026-01-10T22:48:10.938028Z,2026-01-10T23:03:25.702523Z,15.246075,false,false
2026-01-10T23:03:25.702523Z,2026-01-10T23:18:39.464471Z,15.229366,false,false
2026-01-10T23:18:39.464471Z,2026-01-10T23:33:52.360085Z,15.214927,false,false
2026-01-10T23:33:52.360085Z,2026-01-10T23:49:07.898421Z,15.258972,false,false
2026-01-10T23:49:07.898421Z,2026-01-11T00:04:24.926829Z,15.283807,false,false
2026-01-11T00:04:24.926829Z,2026-01-11T00:19:38.180926Z,15.220902,false,false
2026-01-11T00:19:38.180926Z,2026-01-11T00:34:53.850390Z,15.261158,false,false
2026-01-11T00:34:53.850390Z,2026-01-11T00:50:13.410292Z,15.325998,false,false
2026-01-11T00:50:13.410292Z,2026-01-11T01:05:27.259906Z,15.230827,false,false
2026-01-11T01:05:27.259906Z,2026-01-11T01:20:40.524526Z,15.221077,false,false
2026-01-11T01:20:40.524526Z,2026-01-11T01:35:55.832739Z,15.255137,false,false
2026-01-11T01:35:55.832739Z,2026-01-11T01:51:11.767588Z,15.265581,false,false
2026-01-11T01:51:11.767588Z,2026-01-11T02:06:25.773013Z,15.233424,false,false
2026-01-11T02:06:25.773013Z,2026-01-11T02:21:44.918181Z,15.319086,false,false
2026-01-11T02:21:44.918181Z,2026-01-11T02:36:58.466522Z,15.225806,false,false
2026-01-11T02:36:58.466522Z,2026-01-11T02:52:11.802230Z,15.222262,false,false
2026-01-11T02:52:11.802230Z,2026-01-11T03:07:25.245174Z,15.224049,false,false
2026-01-11T03:07:25.245174Z,2026-01-11T03:22:43.313335Z,15.301136,false,false
2026-01-11T03:22:43.313335Z,2026-01-11T03:37:59.471284Z,15.269299,false,false
2026-01-11T03:37:59.471284Z,2026-01-11T03:53:14.183651Z,15.245206,false,false
2026-01-11T03:53:14.183651Z,2026-01-11T04:08:28.120305Z,15.232278,false,false
2026-01-11T04:08:28.120305Z,2026-01-11T04:23:42.100808Z,15.233008,false,false
2026-01-11T04:23:42.100808Z,2026-01-11T04:38:55.506389Z,15.223426,false,false
2026-01-11T04:38:55.506389Z,2026-01-11T04:54:08.702277Z,15.219931,false,false
2026-01-11T04:54:08.702277Z,2026-01-11T05:09:23.506694Z,15.24674,false,false
2026-01-11T05:09:23.506694Z,2026-01-11T05:24:36.081707Z,15.209584,false,false
2026-01-11T05:24:36.081707Z,2026-01-11T05:39:49.185786Z,15.218401,false,false
2026-01-11T05:39:49.185786Z,2026-01-11T05:55:00.831872Z,15.194101,false,false
2026-01-11T05:55:00.831872Z,2026-01-11T06:10:13.718341Z,15.214774,false,false
2026-01-11T06:10:13.718341Z,2026-01-11T06:25:26.671478Z,15.215886,false,false
2026-01-11T06:25:26.671478Z,2026-01-11T06:40:38.888028Z,15.203609,false,false
2026-01-11T06:40:38.888028Z,2026-01-11T06:55:52.661075Z,15.229551,false,false
2026-01-11T06:55:52.661075Z,2026-01-11T07:11:05.934838Z,15.221229,false,false
2026-01-11T07:11:05.934838Z,2026-01-11T07:26:20.665930Z,15.245518,false,false
2026-01-11T07:26:20.665930Z,2026-01-11T07:41:34.543016Z,15.231285,false,false
2026-01-11T07:41:34.543016Z,2026-01-11T07:56:48.172174Z,15.227153,false,false
2026-01-11T07:56:48.172174Z,2026-01-11T08:12:01.160197Z,15.216467,false,false
2026-01-11T08:12:01.160197Z,2026-01-11T08:27:13.339920Z,15.202995,false,false
2026-01-11T08:27:13.339920Z,2026-01-11T08:42:26.638172Z,15.221638,false,false
2026-01-11T08:42:26.638172Z,2026-01-11T08:57:39.945478Z,15.221788,false,false
2026-01-11T08:57:39.945478Z,2026-01-11T09:12:52.371821Z,15.207106,false,false
2026-01-11T09:12:52.371821Z,2026-01-11T09:28:05.149645Z,15.212964,false,false
2026-01-11T09:28:05.149645Z,2026-01-11T09:43:17.034772Z,15.198085,false,false
2026-01-11T09:43:17.034772Z,2026-01-11T09:58:28.832623Z,15.196631,false,false
2026-01-11T09:58:28.832623Z,2026-01-11T10:13:41.251131Z,15.206975,false,false
2026-01-11T10:13:41.251131Z,2026-01-11T10:28:52.737474Z,15.191439,false,false
2026-01-11T10:28:52.737474Z,2026-01-11T10:44:04.754506Z,15.200284,false,false
2026-01-11T10:44:04.754506Z,2026-01-11T10:59:17.580989Z,15.213775,false,false
2026-01-11T10:59:17.580989Z,2026-01-11T11:14:30.897464Z,15.221941,false,false
2026-01-11T11:14:30.897464Z,2026-01-11T11:29:43.118678Z,15.203687,false,false
2026-01-11T11:29:43.118678Z,2026-01-11T11:44:55.310430Z,15.203196,false,false
2026-01-11T11:44:55.310430Z,2026-01-11T12:00:07.335604Z,15.20042,false,false
2026-01-11T12:00:07.335604Z,2026-01-11T12:15:20.548969Z,15.220223,false,false
2026-01-11T12:15:20.548969Z,2026-01-11T12:30:33.331801Z,15.213047,false,false
2026-01-11T12:30:33.331801Z,2026-01-11T12:45:47.009001Z,15.227953,false,false
2026-01-11T12:45:47.009001Z,2026-01-11T13:00:59.113028Z,15.201734,false,false
2026-01-11T13:00:59.113028Z,2026-01-11T13:16:12.987263Z,15.231237,false,false
2026-01-11T13:16:12.987263Z,2026-01-11T13:31:26.124714Z,15.218958,false,false
2026-01-11T13:31:26.124714Z,2026-01-11T13:46:41.378758Z,15.254234,false,false
2026-01-11T13:46:41.378758Z,2026-01-11T14:01:54.884638Z,15.225098,false,false
2026-01-11T14:01:54.884638Z,2026-01-11T14:17:08.399834Z,15.225253,false,false
2026-01-11T14:17:08.399834Z,2026-01-11T14:32:20.839214Z,15.207323,false,false
2026-01-11T14:32:20.839214Z,2026-01-11T14:47:33.864888Z,15.217095,false,false
2026-01-11T14:47:33.864888Z,2026-01-11T15:02:46.111641Z,15.204113,false,false
2026-01-11T15:02:46.111641Z,2026-01-11T15:17:59.481034Z,15.222823,false,false
2026-01-11T15:17:59.481034Z,2026-01-11T15:33:12.416091Z,15.215584,false,false
2026-01-11T15:33:12.416091Z,2026-01-11T15:48:26.291365Z,15.231255,false,false
2026-01-11T15:48:26.291365Z,2026-01-11T16:03:39.471000Z,15.219661,false,false
2026-01-11T16:03:39.471000Z,2026-01-11T16:18:51.788244Z,15.205287,false,false
2026-01-11T16:18:51.788244Z,2026-01-11T16:34:05.501618Z,15.228556,false,false
2026-01-11T16:34:05.501618Z,2026-01-11T16:49:17.845277Z,15.205728,false,false
2026-01-11T16:49:17.845277Z,2026-01-11T17:04:30.605187Z,15.212665,false,false
2026-01-11T17:04:30.605187Z,2026-01-11T17:19:44.110410Z,15.225087,false,false
2026-01-11T17:19:44.110410Z,2026-01-11T17:34:56.166202Z,15.20093,false,false
2026-01-11T17:34:56.166202Z,2026-01-11T17:50:09.860389Z,15.228236,false,false
2026-01-11T17:50:09.860389Z,2026-01-11T18:05:22.871104Z,15.216845,false,false
2026-01-11T18:05:22.871104Z,2026-01-11T18:20:36.415399Z,15.225738,false,false
2026-01-11T18:20:36.415399Z,2026-01-11T18:35:49.896597Z,15.224687,false,false
2026-01-11T18:35:49.896597Z,2026-01-11T18:51:02.852928Z,15.215939,false,false
2026-01-11T18:51:02.852928Z,2026-01-11T19:06:16.311577Z,15.224311,false,false
2026-01-11T19:06:16.311577Z,2026-01-11T19:21:29.169404Z,15.214297,false,false
2026-01-11T19:21:29.169404Z,2026-01-11T19:36:45.202128Z,15.267212,false,false
2026-01-11T19:36:45.202128Z,2026-01-11T19:52:04.785454Z,15.326389,false,false
2026-01-11T19:52:04.785454Z,2026-01-11T20:07:18.389758Z,15.226738,false,false
2026-01-11T20:07:18.389758Z,2026-01-11T20:22:35.773397Z,15.289727,false,false
2026-01-11T20:22:35.773397Z,2026-01-11T20:37:52.698128Z,15.282079,false,false
2026-01-11T20:37:52.698128Z,2026-01-11T20:53:05.704964Z,15.216781,false,false
2026-01-11T20:53:05.704964Z,2026-01-11T21:08:22.560771Z,15.28093,false,false
2026-01-11T21:08:22.560771Z,2026-01-11T21:23:36.974795Z,15.240234,false,false
2026-01-11T21:23:36.974795Z,2026-01-11T21:38:49.447601Z,15.20788,false,false
2026-01-11T21:38:49.447601Z,2026-01-11T21:54:03.145115Z,15.228292,false,false
2026-01-11T21:54:03.145115Z,2026-01-11T22:09:15.612510Z,15.20779,false,false
2026-01-11T22:09:15.612510Z,2026-01-11T22:24:33.014330Z,15.29003,false,false
2026-01-11T22:24:33.014330Z,2026-01-11T22:39:46.180342Z,15.219434,false,false
2026-01-11T22:39:46.180342Z,2026-01-11T22:54:59.202913Z,15.217043,false,false
2026-01-11T22:54:59.202913Z,2026-01-11T23:10:12.300467Z,15.218293,false,false
2026-01-11T23:10:12.300467Z,2026-01-11T23:25:25.718933Z,15.223641,false,false
2026-01-11T23:25:25.718933Z,2026-01-11T23:40:38.710582Z,15.216527,false,false
2026-01-11T23:40:38.710582Z,2026-01-11T23:55:56.007706Z,15.288285,false,false
2026-01-11T23:55:56.007706Z,2026-01-12T00:11:11.899075Z,15.264856,false,false
2026-01-12T00:11:11.899075Z,2026-01-12T00:26:25.445944Z,15.225781,false,false
2026-01-12T00:26:25.445944Z,2026-01-12T00:41:39.912284Z,15.241106,false,false
2026-01-12T00:41:39.912284Z,2026-01-12T00:56:54.839664Z,15.24879,false,false
2026-01-12T00:56:54.839664Z,2026-01-12T01:12:07.848702Z,15.216817,false,false
2026-01-12T01:12:07.848702Z,2026-01-12T01:27:25.402188Z,15.292558,false,false
2026-01-12T01:27:25.402188Z,2026-01-12T01:42:37.783699Z,15.206359,false,false
2026-01-12T01:42:37.783699Z,2026-01-12T01:57:52.872910Z,15.251487,false,false
2026-01-12T01:57:52.872910Z,2026-01-12T02:13:06.233384Z,15.222675,false,false
2026-01-12T02:13:06.233384Z,2026-01-12T02:28:22.446940Z,15.270226,false,false
2026-01-12T02:28:22.446940Z,2026-01-12T02:43:36.401919Z,15.232583,false,false
2026-01-12T02:43:36.401919Z,2026-01-12T02:58:49.591814Z,15.219832,false,false
2026-01-12T02:58:49.591814Z,2026-01-12T03:14:03.058700Z,15.224448,false,false
2026-01-12T03:14:03.058700Z,2026-01-12T03:29:15.684736Z,15.210434,false,false
2026-01-12T03:29:15.684736Z,2026-01-12T03:44:28.654785Z,15.216167,false,false
2026-01-12T03:44:28.654785Z,2026-01-12T03:59:42.059087Z,15.223405,false,false
2026-01-12T03:59:42.059087Z,2026-01-12T04:14:54.165599Z,15.201775,false,false
2026-01-12T04:14:54.165599Z,2026-01-12T04:30:08.464825Z,15.23832,false,false
2026-01-12T04:30:08.464825Z,2026-01-12T04:45:21.050229Z,15.209757,false,false
2026-01-12T04:45:21.050229Z,2026-01-12T05:00:37.373885Z,15.272061,false,false
2026-01-12T05:00:37.373885Z,2026-01-12T05:15:52.659936Z,15.254768,false,false
2026-01-12T05:15:52.659936Z,2026-01-12T05:31:05.895716Z,15.220596,false,false
2026-01-12T05:31:05.895716Z,2026-01-12T05:46:18.460893Z,15.20942,false,false
2026-01-12T05:46:18.460893Z,2026-01-12T06:01:31.057124Z,15.209937,false,false
2026-01-12T06:01:31.057124Z,2026-01-12T06:16:43.186826Z,15.202162,false,false
2026-01-12T06:16:43.186826Z,2026-01-12T06:31:56.076228Z,15.214823,false,false
2026-01-12T06:31:56.076228Z,2026-01-12T06:47:09.354202Z,15.2213,false,false
2026-01-12T06:47:09.354202Z,2026-01-12T07:02:21.564518Z,15.203505,false,false
2026-01-12T07:02:21.564518Z,2026-01-12T07:17:35.762502Z,15.236633,false,false
2026-01-12T07:17:35.762502Z,2026-01-12T07:33:49.310919Z,16.225807,false,false
2026-01-12T07:33:49.310919Z,2026-01-12T07:49:00.746618Z,15.190595,false,false
2026-01-12T07:49:00.746618Z,2026-01-12T08:04:12.947967Z,15.203356,false,false
2026-01-12T08:04:12.947967Z,2026-01-12T08:19:25.253040Z,15.205085,false,false
2026-01-12T08:19:25.253040Z,2026-01-12T08:34:37.700694Z,15.207461,false,false
2026-01-12T08:34:37.700694Z,2026-01-12T08:49:49.800875Z,15.20167,false,false
2026-01-12T08:49:49.800875Z,2026-01-12T09:05:02.351883Z,15.209183,false,false
2026-01-12T09:05:02.351883Z,2026-01-12T09:20:15.905953Z,15.225901,false,false
2026-01-12T09:20:15.905953Z,2026-01-12T09:35:28.856100Z,15.215836,false,false
2026-01-12T09:35:28.856100Z,2026-01-12T09:50:41.364839Z,15.208479,false,false
2026-01-12T09:50:41.364839Z,2026-01-12T10:05:54.410521Z,15.217428,false,false
2026-01-12T10:05:54.410521Z,2026-01-12T10:21:06.418145Z,15.200127,false,false
2026-01-12T10:21:06.418145Z,2026-01-12T10:36:18.697466Z,15.204655,false,false
2026-01-12T10:36:18.697466Z,2026-01-12T10:51:31.365646Z,15.211136,false,false
2026-01-12T10:51:31.365646Z,2026-01-12T11:06:45.357447Z,15.233197,false,false
2026-01-12T11:06:45.357447Z,2026-01-12T11:21:57.401939Z,15.200742,false,false
2026-01-12T11:21:57.401939Z,2026-01-12T11:37:11.240645Z,15.230645,false,false
2026-01-12T11:37:11.240645Z,2026-01-12T11:52:23.350721Z,15.201835,false,false
2026-01-12T11:52:23.350721Z,2026-01-12T12:07:36.420648Z,15.217832,false,false
2026-01-12T12:07:36.420648Z,2026-01-12T13:36:54.030570Z,89.293499,true,true
2026-01-12T13:36:54.030570Z,2026-01-12T13:52:07.730200Z,15.228327,false,false
2026-01-12T13:52:07.730200Z,2026-01-12T14:07:20.082688Z,15.205875,false,false
2026-01-12T14:07:20.082688Z,2026-01-12T14:22:31.998327Z,15.198594,false,false
2026-01-12T14:22:31.998327Z,2026-01-12T14:37:45.070359Z,15.217867,false,false
2026-01-12T14:37:45.070359Z,2026-01-12T14:52:58.210403Z,15.219001,false,false
2026-01-12T14:52:58.210403Z,2026-01-12T15:08:11.113511Z,15.215052,false,false
2026-01-12T15:08:11.113511Z,2026-01-12T15:23:23.235298Z,15.20203,false,false
2026-01-12T15:23:23.235298Z,2026-01-12T15:38:36.050567Z,15.213588,false,false
2026-01-12T15:38:36.050567Z,2026-01-12T15:53:49.364803Z,15.221904,false,false
2026-01-12T15:53:49.364803Z,2026-01-12T16:09:02.079358Z,15.211909,false,false
2026-01-12T16:09:02.079358Z,2026-01-12T16:24:14.706541Z,15.210453,false,false
2026-01-12T16:24:14.706541Z,2026-01-12T16:39:29.471507Z,15.246083,false,false
2026-01-12T16:39:29.471507Z,2026-01-12T16:54:42.088942Z,15.210291,false,false
2026-01-12T16:54:42.088942Z,2026-01-12T17:09:55.217448Z,15.218808,false,false
2026-01-12T17:09:55.217448Z,2026-01-12T17:25:08.029301Z,15.213531,false,false
2026-01-12T17:25:08.029301Z,2026-01-12T17:40:20.923900Z,15.21491,false,false
2026-01-12T17:40:20.923900Z,2026-01-12T17:55:34.352398Z,15.223808,false,false
2026-01-12T17:55:34.352398Z,2026-01-12T18:10:48.435951Z,15.234726,false,false
2026-01-12T18:10:48.435951Z,2026-01-12T18:26:02.687649Z,15.237528,false,false
2026-01-12T18:26:02.687649Z,2026-01-12T18:41:16.589822Z,15.231703,false,false
2026-01-12T18:41:16.589822Z,2026-01-12T18:56:30.723508Z,15.235561,false,false
2026-01-12T18:56:30.723508Z,2026-01-12T19:14:32.989069Z,18.037759,false,false
2026-01-12T19:14:32.989069Z,2026-01-12T19:29:45.418725Z,15.207161,false,false
2026-01-12T19:29:45.418725Z,2026-01-12T19:45:03.311689Z,15.298216,false,false
2026-01-12T19:45:03.311689Z,2026-01-12T20:00:17.424305Z,15.23521,false,false
2026-01-12T20:00:17.424305Z,2026-01-12T20:15:30.245512Z,15.213687,false,false
2026-01-12T20:15:30.245512Z,2026-01-12T20:30:43.303322Z,15.21763,false,false
2026-01-12T20:30:43.303322Z,2026-01-12T20:45:56.247390Z,15.215734,false,false
2026-01-12T20:45:56.247390Z,2026-01-12T21:01:09.689946Z,15.224043,false,false
2026-01-12T21:01:09.689946Z,2026-01-12T21:16:22.742387Z,15.217541,false,false
2026-01-12T21:16:22.742387Z,2026-01-12T21:31:36.724354Z,15.233033,false,false
2026-01-12T21:31:36.724354Z,2026-01-12T21:46:54.206906Z,15.291376,false,false
2026-01-12T21:46:54.206906Z,2026-01-12T22:02:08.225922Z,15.23365,false,false
2026-01-12T22:02:08.225922Z,2026-01-12T23:45:59.086606Z,103.847678,true,true
2026-01-12T23:45:59.086606Z,2026-01-13T00:23:04.716705Z,37.093835,true,false
2026-01-13T00:23:04.716705Z,2026-01-13T00:38:17.662243Z,15.215759,false,false
2026-01-13T00:38:17.662243Z,2026-01-13T00:53:29.755914Z,15.201561,false,false
2026-01-13T00:53:29.755914Z,2026-01-13T01:08:42.857983Z,15.218368,false,false
2026-01-13T01:08:42.857983Z,2026-01-13T01:23:54.761979Z,15.1984,false,false
2026-01-13T01:23:54.761979Z,2026-01-13T01:39:08.754432Z,15.233208,false,false
2026-01-13T01:39:08.754432Z,2026-01-13T01:54:21.178942Z,15.207075,false,false
2026-01-13T01:54:21.178942Z,2026-01-13T02:09:34.723385Z,15.225741,false,false
2026-01-13T02:09:34.723385Z,2026-01-13T02:24:47.391090Z,15.211128,false,false
2026-01-13T02:24:47.391090Z,2026-01-13T02:40:02.399546Z,15.250141,false,false
2026-01-13T02:40:02.399546Z,2026-01-13T02:55:19.498121Z,15.284976,false,false
2026-01-13T02:55:19.498121Z,2026-01-13T03:10:37.599291Z,15.301686,false,false
2026-01-13T03:10:37.599291Z,2026-01-13T03:25:51.064945Z,15.224428,false,false
2026-01-13T03:25:51.064945Z,2026-01-13T03:41:03.710084Z,15.210752,false,false
2026-01-13T03:41:03.710084Z,2026-01-13T03:56:17.021810Z,15.221862,false,false
2026-01-13T03:56:17.021810Z,2026-01-13T04:11:36.521377Z,15.324993,false,false
2026-01-13T04:11:36.521377Z,2026-01-13T04:26:53.547979Z,15.283777,false,false
2026-01-13T04:26:53.547979Z,2026-01-13T04:42:06.018346Z,15.207839,false,false
2026-01-13T04:42:06.018346Z,2026-01-13T04:57:22.496774Z,15.27464,false,false
2026-01-13T04:57:22.496774Z,2026-01-13T05:12:38.205238Z,15.261808,false,false
2026-01-13T05:12:38.205238Z,2026-01-13T05:27:52.654743Z,15.240825,false,false
2026-01-13T05:27:52.654743Z,2026-01-13T05:43:05.309403Z,15.210911,false,false
2026-01-13T05:43:05.309403Z,2026-01-13T05:58:17.269142Z,15.199329,false,false
2026-01-13T05:58:17.269142Z,2026-01-13T06:13:30.350020Z,15.218015,false,false
2026-01-13T06:13:30.350020Z,2026-01-13T06:28:44.126588Z,15.229609,false,false
2026-01-13T06:28:44.126588Z,2026-01-13T06:43:56.021895Z,15.198255,false,false
2026-01-13T06:43:56.021895Z,2026-01-13T06:59:07.246463Z,15.187076,false,false
2026-01-13T06:59:07.246463Z,2026-01-13T07:14:21.304643Z,15.234303,false,false
2026-01-13T07:14:21.304643Z,2026-01-13T07:29:34.484421Z,15.219663,false,false
2026-01-13T07:29:34.484421Z,2026-01-13T07:44:46.755685Z,15.204521,false,false
2026-01-13T07:44:46.755685Z,2026-01-13T07:59:58.669272Z,15.19856,false,false
2026-01-13T07:59:58.669272Z,2026-01-13T08:15:12.103486Z,15.223904,false,false
2026-01-13T08:15:12.103486Z,2026-01-13T08:30:25.145840Z,15.217373,false,false
2026-01-13T08:30:25.145840Z,2026-01-13T08:45:37.670300Z,15.208741,false,false
2026-01-13T08:45:37.670300Z,2026-01-13T09:00:48.871488Z,15.186686,false,false
2026-01-13T09:00:48.871488Z,2026-01-13T09:16:01.264262Z,15.206546,false,false
2026-01-13T09:16:01.264262Z,2026-01-13T09:31:12.627566Z,15.189388,false,false
2026-01-13T09:31:12.627566Z,2026-01-13T09:46:24.476337Z,15.19748,false,false
2026-01-13T09:46:24.476337Z,2026-01-13T10:01:37.151947Z,15.21126,false,false
2026-01-13T10:01:37.151947Z,2026-01-13T10:16:50.373925Z,15.220366,false,false
2026-01-13T10:16:50.373925Z,2026-01-13T10:32:02.530354Z,15.202607,false,false
2026-01-13T10:32:02.530354Z,2026-01-13T10:47:15.705178Z,15.21958,false,false
2026-01-13T10:47:15.705178Z,2026-01-13T11:02:28.881870Z,15.219612,false,false
2026-01-13T11:02:28.881870Z,2026-01-13T11:17:42.122635Z,15.220679,false,false
2026-01-13T11:17:42.122635Z,2026-01-13T11:34:51.129479Z,17.150114,false,false
2026-01-13T11:34:51.129479Z,2026-01-13T11:50:04.187150Z,15.217628,false,false
2026-01-13T11:50:04.187150Z,2026-01-13T12:05:17.158189Z,15.216184,false,false
2026-01-13T12:05:17.158189Z,2026-01-13T12:20:29.966886Z,15.213478,false,false
2026-01-13T12:20:29.966886Z,2026-01-13T12:35:43.239875Z,15.221216,false,false
2026-01-13T12:35:43.239875Z,2026-01-13T12:50:57.236940Z,15.233284,false,false
2026-01-13T12:50:57.236940Z,2026-01-13T13:06:09.967942Z,15.212183,false,false
2026-01-13T13:06:09.967942Z,2026-01-13T13:21:22.433959Z,15.207767,false,false
2026-01-13T13:21:22.433959Z,2026-01-13T13:36:36.318923Z,15.231416,false,false
2026-01-13T13:36:36.318923Z,2026-01-13T13:51:50.009984Z,15.228184,false,false
2026-01-13T13:51:50.009984Z,2026-01-13T14:07:02.158308Z,15.202472,false,false
2026-01-13T14:07:02.158308Z,2026-01-13T14:22:15.821750Z,15.227724,false,false
2026-01-13T14:22:15.821750Z,2026-01-13T14:37:28.483293Z,15.211026,false,false
2026-01-13T14:37:28.483293Z,2026-01-13T14:52:43.549411Z,15.251102,false,false
2026-01-13T14:52:43.549411Z,2026-01-13T15:07:56.395447Z,15.214101,false,false
2026-01-13T15:07:56.395447Z,2026-01-13T15:23:09.703404Z,15.221799,false,false
2026-01-13T15:23:09.703404Z,2026-01-13T15:38:22.214669Z,15.208521,false,false
2026-01-13T15:38:22.214669Z,2026-01-13T15:53:34.374697Z,15.202667,false,false
2026-01-13T15:53:34.374697Z,2026-01-13T16:08:48.242686Z,15.231133,false,false
2026-01-13T16:08:48.242686Z,2026-01-13T16:24:01.418148Z,15.219591,false,false
2026-01-13T16:24:01.418148Z,2026-01-13T16:39:14.595161Z,15.219617,false,false
