rank,gap_minutes,prev_run_started_utc,next_run_started_utc
1,438.954757,2026-01-08T05:26:06.934507Z,2026-01-08T12:45:04.219931Z
2,103.847678,2026-01-12T22:02:08.225922Z,2026-01-12T23:45:59.086606Z
3,89.293499,2026-01-12T12:07:36.420648Z,2026-01-12T13:36:54.030570Z
4,39.613201,2026-01-07T04:24:48.382112Z,2026-01-07T05:04:25.174159Z
5,37.093835,2026-01-12T23:45:59.086606Z,2026-01-13T00:23:04.716705Z
6,30.967104,2026-01-08T04:55:08.908271Z,2026-01-08T05:26:06.934507Z
7,18.818830,2026-01-08T13:07:11.026950Z,2026-01-08T13:26:00.156726Z
8,18.037759,2026-01-12T18:56:30.723508Z,2026-01-12T19:14:32.989069Z
9,17.780486,2026-01-07T00:31:46.804998Z,2026-01-07T00:49:33.634143Z
10,17.356873,2026-01-07T01:04:46.212727Z,2026-01-07T01:22:07.625104Z
11,17.323435,2026-01-08T00:10:13.468690Z,2026-01-08T00:27:32.874760Z
12,17.150114,2026-01-13T11:17:42.122635Z,2026-01-13T11:34:51.129479Z
13,17.124376,2026-01-07T23:20:53.957703Z,2026-01-07T23:38:01.420291Z
14,16.582478,2026-01-07T17:00:04.266856Z,2026-01-07T17:16:39.215525Z
15,16.567131,2026-01-07T22:00:23.898367Z,2026-01-07T22:16:57.926248Z
16,16.451180,2026-01-07T20:09:30.471297Z,2026-01-07T20:25:57.542070Z
17,16.308743,2026-01-08T01:30:11.040284Z,2026-01-08T01:46:29.564852Z
18,16.225807,2026-01-12T07:17:35.762502Z,2026-01-12T07:33:49.310919Z
19,16.198173,2026-01-07T22:48:32.175158Z,2026-01-07T23:04:44.065556Z
20,16.164869,2026-01-07T23:04:44.065556Z,2026-01-07T23:20:53.957703Z
21,16.153488,2026-01-07T23:54:04.259407Z,2026-01-08T00:10:13.468690Z
22,16.047319,2026-01-07T23:38:01.420291Z,2026-01-07T23:54:04.259407Z
23,15.842331,2026-01-07T18:50:45.635546Z,2026-01-07T19:06:36.175389Z
24,15.821373,2026-01-08T04:39:19.625904Z,2026-01-08T04:55:08.908271Z
25,15.813646,2026-01-07T22:32:43.356392Z,2026-01-07T22:48:32.175158Z
26,15.801305,2026-01-07T18:19:17.471665Z,2026-01-07T18:35:05.549968Z
27,15.800883,2026-01-08T04:07:53.570143Z,2026-01-08T04:23:41.623113Z
28,15.793683,2026-01-08T03:04:54.606295Z,2026-01-08T03:20:42.227251Z
29,15.785850,2026-01-08T02:17:47.647293Z,2026-01-08T02:33:34.798322Z
30,15.785236,2026-01-07T21:13:06.878965Z,2026-01-07T21:28:53.993106Z
31,15.782357,2026-01-07T21:28:53.993106Z,2026-01-07T21:44:40.934537Z
32,15.765503,2026-01-08T03:20:42.227251Z,2026-01-08T03:36:28.157435Z
33,15.757169,2026-01-07T22:16:57.926248Z,2026-01-07T22:32:43.356392Z
34,15.754963,2026-01-07T20:57:21.581191Z,2026-01-07T21:13:06.878965Z
35,15.754754,2026-01-07T19:53:45.186052Z,2026-01-07T20:09:30.471297Z
36,15.751394,2026-01-07T19:22:20.654174Z,2026-01-07T19:38:05.737820Z
37,15.745227,2026-01-08T02:49:09.892699Z,2026-01-08T03:04:54.606295Z
38,15.741313,2026-01-07T19:06:36.175389Z,2026-01-07T19:22:20.654174Z
39,15.737625,2026-01-08T03:36:28.157435Z,2026-01-08T03:52:12.414947Z
40,15.734122,2026-01-07T20:25:57.542070Z,2026-01-07T20:41:41.589383Z
41,15.718690,2026-01-08T00:27:32.874760Z,2026-01-08T00:43:15.996180Z
42,15.716064,2026-01-07T21:44:40.934537Z,2026-01-07T22:00:23.898367Z
43,15.685920,2026-01-08T03:52:12.414947Z,2026-01-08T04:07:53.570143Z
44,15.668250,2026-01-07T17:47:57.526398Z,2026-01-07T18:03:37.621401Z
45,15.668093,2026-01-07T18:35:05.549968Z,2026-01-07T18:50:45.635546Z
46,15.666530,2026-01-07T20:41:41.589383Z,2026-01-07T20:57:21.581191Z
47,15.664763,2026-01-07T17:16:39.215525Z,2026-01-07T17:32:19.101304Z
48,15.664171,2026-01-07T18:03:37.621401Z,2026-01-07T18:19:17.471665Z
49,15.660190,2026-01-08T02:02:08.035910Z,2026-01-08T02:17:47.647293Z
50,15.657471,2026-01-07T19:38:05.737820Z,2026-01-07T19:53:45.186052Z
51,15.648849,2026-01-08T00:58:54.702318Z,2026-01-08T01:14:33.633266Z
52,15.645102,2026-01-08T00:43:15.996180Z,2026-01-08T00:58:54.702318Z
53,15.641184,2026-01-08T01:46:29.564852Z,2026-01-08T02:02:08.035910Z
54,15.640418,2026-01-07T17:32:19.101304Z,2026-01-07T17:47:57.526398Z
55,15.638532,2026-01-07T16:44:25.954916Z,2026-01-07T17:00:04.266856Z
56,15.633380,2026-01-08T04:23:41.623113Z,2026-01-08T04:39:19.625904Z
57,15.623450,2026-01-08T01:14:33.633266Z,2026-01-08T01:30:11.040284Z
58,15.584906,2026-01-08T02:33:34.798322Z,2026-01-08T02:49:09.892699Z
59,15.417019,2026-01-08T22:20:05.149978Z,2026-01-08T22:35:30.171126Z
60,15.326389,2026-01-11T19:36:45.202128Z,2026-01-11T19:52:04.785454Z
61,15.325998,2026-01-11T00:34:53.850390Z,2026-01-11T00:50:13.410292Z
62,15.324993,2026-01-13T03:56:17.021810Z,2026-01-13T04:11:36.521377Z
63,15.320364,2026-01-10T03:00:45.195115Z,2026-01-10T03:16:04.416968Z
64,15.319086,2026-01-11T02:06:25.773013Z,2026-01-11T02:21:44.918181Z
65,15.313800,2026-01-09T02:08:42.702937Z,2026-01-09T02:24:01.530945Z
66,15.301686,2026-01-13T02:55:19.498121Z,2026-01-13T03:10:37.599291Z
67,15.301136,2026-01-11T03:07:25.245174Z,2026-01-11T03:22:43.313335Z
68,15.298216,2026-01-12T19:29:45.418725Z,2026-01-12T19:45:03.311689Z
69,15.295643,2026-01-07T15:43:28.171555Z,2026-01-07T15:58:45.910105Z
70,15.292558,2026-01-12T01:12:07.848702Z,2026-01-12T01:27:25.402188Z
71,15.291376,2026-01-12T21:31:36.724354Z,2026-01-12T21:46:54.206906Z
72,15.290913,2026-01-09T02:54:27.938300Z,2026-01-09T03:09:45.393106Z
73,15.290030,2026-01-11T22:09:15.612510Z,2026-01-11T22:24:33.014330Z
74,15.289727,2026-01-11T20:07:18.389758Z,2026-01-11T20:22:35.773397Z
75,15.289589,2026-01-10T02:45:27.819801Z,2026-01-10T03:00:45.195115Z
76,15.288285,2026-01-11T23:40:38.710582Z,2026-01-11T23:55:56.007706Z
77,15.284976,2026-01-13T02:40:02.399546Z,2026-01-13T02:55:19.498121Z
78,15.284486,2026-01-10T02:14:56.143653Z,2026-01-10T02:30:13.212835Z
79,15.283807,2026-01-10T23:49:07.898421Z,2026-01-11T00:04:24.926829Z
80,15.283777,2026-01-13T04:11:36.521377Z,2026-01-13T04:26:53.547979Z
81,15.282079,2026-01-11T20:22:35.773397Z,2026-01-11T20:37:52.698128Z
82,15.280930,2026-01-11T20:53:05.704964Z,2026-01-11T21:08:22.560771Z
83,15.278248,2026-01-08T21:03:54.887185Z,2026-01-08T21:19:11.582067Z
84,15.276877,2026-01-09T04:25:55.553696Z,2026-01-09T04:41:12.166312Z
85,15.276084,2026-01-09T01:53:26.137923Z,2026-01-09T02:08:42.702937Z
86,15.274640,2026-01-13T04:42:06.018346Z,2026-01-13T04:57:22.496774Z
87,15.272061,2026-01-12T04:45:21.050229Z,2026-01-12T05:00:37.373885Z
88,15.270990,2026-01-09T03:55:24.709313Z,2026-01-09T04:10:40.968702Z
89,15.270402,2026-01-10T01:29:12.799708Z,2026-01-10T01:44:29.023814Z
90,15.270226,2026-01-12T02:13:06.233384Z,2026-01-12T02:28:22.446940Z
91,15.269299,2026-01-11T03:22:43.313335Z,2026-01-11T03:37:59.471284Z
92,15.267903,2026-01-09T00:06:48.487875Z,2026-01-09T00:22:04.562037Z
93,15.267212,2026-01-11T19:21:29.169404Z,2026-01-11T19:36:45.202128Z
94,15.265945,2026-01-06T23:00:24.107382Z,2026-01-06T23:15:40.064089Z
95,15.265581,2026-01-11T01:35:55.832739Z,2026-01-11T01:51:11.767588Z
96,15.265300,2026-01-06T18:41:36.470540Z,2026-01-06T18:56:52.388562Z
97,15.264856,2026-01-11T23:55:56.007706Z,2026-01-12T00:11:11.899075Z
98,15.261808,2026-01-13T04:57:22.496774Z,2026-01-13T05:12:38.205238Z
99,15.261158,2026-01-11T00:19:38.180926Z,2026-01-11T00:34:53.850390Z
100,15.259819,2026-01-06T23:15:40.064089Z,2026-01-06T23:30:55.653236Z
101,15.258972,2026-01-10T23:33:52.360085Z,2026-01-10T23:49:07.898421Z
102,15.258319,2026-01-06T17:55:53.441542Z,2026-01-06T18:11:08.940664Z
103,15.257825,2026-01-10T00:13:01.957664Z,2026-01-10T00:28:17.427179Z
104,15.257785,2026-01-09T23:27:18.672132Z,2026-01-09T23:42:34.139221Z
105,15.257673,2026-01-10T19:30:10.572288Z,2026-01-10T19:45:26.032656Z
106,15.257602,2026-01-09T00:37:19.208206Z,2026-01-09T00:52:34.664351Z
107,15.255137,2026-01-11T01:20:40.524526Z,2026-01-11T01:35:55.832739Z
108,15.254994,2026-01-08T13:56:50.937325Z,2026-01-08T14:12:06.236991Z
109,15.254931,2026-01-10T16:12:13.701500Z,2026-01-10T16:27:28.997358Z
110,15.254768,2026-01-12T05:00:37.373885Z,2026-01-12T05:15:52.659936Z
111,15.254234,2026-01-11T13:31:26.124714Z,2026-01-11T13:46:41.378758Z
112,15.251487,2026-01-12T01:42:37.783699Z,2026-01-12T01:57:52.872910Z
113,15.251102,2026-01-13T14:37:28.483293Z,2026-01-13T14:52:43.549411Z
114,15.250141,2026-01-13T02:24:47.391090Z,2026-01-13T02:40:02.399546Z
115,15.249638,2026-01-10T14:40:49.388554Z,2026-01-10T14:56:04.366822Z
116,15.248790,2026-01-12T00:41:39.912284Z,2026-01-12T00:56:54.839664Z
117,15.248719,2026-01-06T20:43:26.145394Z,2026-01-06T20:58:41.068536Z
118,15.248015,2026-01-08T16:45:10.414907Z,2026-01-08T17:00:25.295780Z
119,15.247058,2026-01-10T16:42:42.313740Z,2026-01-10T16:57:57.137191Z
120,15.246740,2026-01-11T04:54:08.702277Z,2026-01-11T05:09:23.506694Z
121,15.246724,2026-01-06T18:11:08.940664Z,2026-01-06T18:26:23.744113Z
122,15.246699,2026-01-08T14:27:18.894981Z,2026-01-08T14:42:33.696937Z
123,15.246083,2026-01-12T16:24:14.706541Z,2026-01-12T16:39:29.471507Z
124,15.246075,2026-01-10T22:48:10.938028Z,2026-01-10T23:03:25.702523Z
125,15.245518,2026-01-11T07:11:05.934838Z,2026-01-11T07:26:20.665930Z
126,15.245206,2026-01-11T03:37:59.471284Z,2026-01-11T03:53:14.183651Z
127,15.245073,2026-01-10T19:14:55.867925Z,2026-01-10T19:30:10.572288Z
128,15.244995,2026-01-09T04:56:24.702461Z,2026-01-09T05:11:39.402179Z
129,15.244457,2026-01-07T02:38:14.709412Z,2026-01-07T02:53:29.376853Z
130,15.244103,2026-01-09T00:22:04.562037Z,2026-01-09T00:37:19.208206Z
131,15.243512,2026-01-09T23:42:34.139221Z,2026-01-09T23:57:48.749962Z
132,15.243449,2026-01-10T02:30:13.212835Z,2026-01-10T02:45:27.819801Z
133,15.243257,2026-01-07T01:37:20.583810Z,2026-01-07T01:52:35.179208Z
134,15.243083,2026-01-09T04:10:40.968702Z,2026-01-09T04:25:55.553696Z
135,15.242990,2026-01-10T15:11:18.182151Z,2026-01-10T15:26:32.761579Z
136,15.242164,2026-01-10T21:47:15.343294Z,2026-01-10T22:02:29.873156Z
137,15.242133,2026-01-09T11:16:42.610980Z,2026-01-09T11:31:57.138974Z
138,15.241618,2026-01-06T17:40:38.944482Z,2026-01-06T17:55:53.441542Z
139,15.241476,2026-01-10T03:31:18.836528Z,2026-01-10T03:46:33.325067Z
140,15.241372,2026-01-08T22:50:42.275163Z,2026-01-08T23:05:56.757478Z
141,15.241106,2026-01-12T00:26:25.445944Z,2026-01-12T00:41:39.912284Z
142,15.240825,2026-01-13T05:12:38.205238Z,2026-01-13T05:27:52.654743Z
143,15.240326,2026-01-10T03:16:04.416968Z,2026-01-10T03:31:18.836528Z
144,15.240234,2026-01-11T21:08:22.560771Z,2026-01-11T21:23:36.974795Z
145,15.238727,2026-01-07T03:23:54.180272Z,2026-01-07T03:39:08.503908Z
146,15.238320,2026-01-12T04:14:54.165599Z,2026-01-12T04:30:08.464825Z
147,15.237795,2026-01-07T00:16:32.537272Z,2026-01-07T00:31:46.804998Z
148,15.237688,2026-01-10T12:54:14.433483Z,2026-01-10T13:09:28.694763Z
149,15.237528,2026-01-12T18:10:48.435951Z,2026-01-12T18:26:02.687649Z
150,15.237495,2026-01-07T14:27:20.649872Z,2026-01-07T14:42:34.899593Z
151,15.237281,2026-01-10T20:15:53.008498Z,2026-01-10T20:31:07.245340Z
152,15.237213,2026-01-07T06:50:54.409121Z,2026-01-07T07:06:08.641879Z
153,15.237087,2026-01-10T16:57:57.137191Z,2026-01-10T17:13:11.362407Z
154,15.236908,2026-01-07T04:09:34.167628Z,2026-01-07T04:24:48.382112Z
155,15.236674,2026-01-10T20:46:20.433196Z,2026-01-10T21:01:34.633662Z
156,15.236633,2026-01-12T07:02:21.564518Z,2026-01-12T07:17:35.762502Z
157,15.236436,2026-01-08T21:49:37.893973Z,2026-01-08T22:04:52.080134Z
158,15.236385,2026-01-09T16:21:03.352929Z,2026-01-09T16:36:17.536047Z
159,15.236278,2026-01-06T21:59:32.019900Z,2026-01-06T22:14:46.196580Z
160,15.236120,2026-01-07T01:52:35.179208Z,2026-01-07T02:07:49.346427Z
161,15.235561,2026-01-12T18:41:16.589822Z,2026-01-12T18:56:30.723508Z
162,15.235553,2026-01-10T11:22:56.036027Z,2026-01-10T11:38:10.169193Z
163,15.235390,2026-01-09T09:30:13.193826Z,2026-01-09T09:45:27.317222Z
164,15.235381,2026-01-08T18:01:18.914810Z,2026-01-08T18:16:33.037650Z
165,15.235210,2026-01-12T19:45:03.311689Z,2026-01-12T20:00:17.424305Z
166,15.235138,2026-01-09T22:41:37.832738Z,2026-01-09T22:56:51.941026Z
167,15.235065,2026-01-09T18:07:37.709132Z,2026-01-09T18:22:51.813052Z
168,15.234749,2026-01-06T19:27:18.776330Z,2026-01-06T19:42:32.861267Z
169,15.234726,2026-01-12T17:55:34.352398Z,2026-01-12T18:10:48.435951Z
170,15.234659,2026-01-10T01:13:58.720140Z,2026-01-10T01:29:12.799708Z
171,15.234540,2026-01-09T13:33:43.892674Z,2026-01-09T13:48:57.965097Z
172,15.234303,2026-01-13T06:59:07.246463Z,2026-01-13T07:14:21.304643Z
173,15.234269,2026-01-10T01:59:42.087500Z,2026-01-10T02:14:56.143653Z
174,15.234135,2026-01-07T12:56:01.035829Z,2026-01-07T13:11:15.083951Z
175,15.234117,2026-01-10T14:25:35.341523Z,2026-01-10T14:40:49.388554Z
176,15.234102,2026-01-07T16:29:11.908810Z,2026-01-07T16:44:25.954916Z
177,15.234067,2026-01-06T20:28:12.101392Z,2026-01-06T20:43:26.145394Z
178,15.233650,2026-01-12T21:46:54.206906Z,2026-01-12T22:02:08.225922Z
179,15.233547,2026-01-10T17:13:11.362407Z,2026-01-10T17:28:25.375241Z
180,15.233424,2026-01-11T01:51:11.767588Z,2026-01-11T02:06:25.773013Z
181,15.233284,2026-01-13T12:35:43.239875Z,2026-01-13T12:50:57.236940Z
182,15.233276,2026-01-09T20:39:49.832866Z,2026-01-09T20:55:03.829437Z
183,15.233208,2026-01-13T01:23:54.761979Z,2026-01-13T01:39:08.754432Z
184,15.233197,2026-01-12T10:51:31.365646Z,2026-01-12T11:06:45.357447Z
185,15.233033,2026-01-12T21:16:22.742387Z,2026-01-12T21:31:36.724354Z
186,15.233008,2026-01-11T04:08:28.120305Z,2026-01-11T04:23:42.100808Z
187,15.232894,2026-01-09T12:17:36.821339Z,2026-01-09T12:32:50.794973Z
188,15.232738,2026-01-08T17:15:38.925474Z,2026-01-08T17:30:52.889737Z
189,15.232583,2026-01-12T02:28:22.446940Z,2026-01-12T02:43:36.401919Z
190,15.232465,2026-01-10T00:28:17.427179Z,2026-01-10T00:43:31.375071Z
191,15.232278,2026-01-11T03:53:14.183651Z,2026-01-11T04:08:28.120305Z
192,15.232225,2026-01-10T19:45:26.032656Z,2026-01-10T20:00:39.966160Z
193,15.232192,2026-01-10T22:02:29.873156Z,2026-01-10T22:17:43.804671Z
194,15.232186,2026-01-09T11:31:57.138974Z,2026-01-09T11:47:11.070158Z
195,15.232173,2026-01-07T15:28:14.241152Z,2026-01-07T15:43:28.171555Z
196,15.232147,2026-01-09T01:07:47.181313Z,2026-01-09T01:23:01.110147Z
197,15.231703,2026-01-12T18:26:02.687649Z,2026-01-12T18:41:16.589822Z
198,15.231578,2026-01-10T17:43:38.319461Z,2026-01-10T17:58:52.214140Z
199,15.231416,2026-01-13T13:21:22.433959Z,2026-01-13T13:36:36.318923Z
200,15.231285,2026-01-11T07:26:20.665930Z,2026-01-11T07:41:34.543016Z
201,15.231255,2026-01-11T15:33:12.416091Z,2026-01-11T15:48:26.291365Z
202,15.231237,2026-01-11T13:00:59.113028Z,2026-01-11T13:16:12.987263Z
203,15.231214,2026-01-10T00:43:31.375071Z,2026-01-10T00:58:45.247889Z
204,15.231133,2026-01-13T15:53:34.374697Z,2026-01-13T16:08:48.242686Z
205,15.231119,2026-01-09T20:24:35.965712Z,2026-01-09T20:39:49.832866Z
206,15.230827,2026-01-11T00:50:13.410292Z,2026-01-11T01:05:27.259906Z
207,15.230645,2026-01-12T11:21:57.401939Z,2026-01-12T11:37:11.240645Z
208,15.230586,2026-01-09T05:11:39.402179Z,2026-01-09T05:26:53.237317Z
209,15.230428,2026-01-09T13:03:16.868681Z,2026-01-09T13:18:30.694371Z
210,15.230419,2026-01-10T13:24:41.357807Z,2026-01-10T13:39:55.182974Z
211,15.230255,2026-01-10T14:56:04.366822Z,2026-01-10T15:11:18.182151Z
212,15.230199,2026-01-08T15:44:16.303224Z,2026-01-08T15:59:30.115153Z
213,15.229901,2026-01-10T03:46:33.325067Z,2026-01-10T04:01:47.119107Z
214,15.229609,2026-01-13T06:13:30.350020Z,2026-01-13T06:28:44.126588Z
215,15.229551,2026-01-11T06:40:38.888028Z,2026-01-11T06:55:52.661075Z
216,15.229459,2026-01-10T15:56:59.933938Z,2026-01-10T16:12:13.701500Z
217,15.229449,2026-01-10T15:26:32.761579Z,2026-01-10T15:41:46.528514Z
218,15.229402,2026-01-09T18:38:04.824155Z,2026-01-09T18:53:18.588266Z
219,15.229366,2026-01-10T23:03:25.702523Z,2026-01-10T23:18:39.464471Z
220,15.229359,2026-01-10T08:50:49.222207Z,2026-01-10T09:06:02.983748Z
221,15.229312,2026-01-06T21:29:05.759702Z,2026-01-06T21:44:19.518427Z
222,15.229091,2026-01-08T15:29:02.557737Z,2026-01-08T15:44:16.303224Z
223,15.228821,2026-01-08T16:29:56.685633Z,2026-01-08T16:45:10.414907Z
224,15.228651,2026-01-09T21:55:57.438457Z,2026-01-09T22:11:11.157521Z
225,15.228556,2026-01-11T16:18:51.788244Z,2026-01-11T16:34:05.501618Z
226,15.228549,2026-01-09T21:40:43.725527Z,2026-01-09T21:55:57.438457Z
227,15.228499,2026-01-09T17:52:23.999208Z,2026-01-09T18:07:37.709132Z
228,15.228327,2026-01-12T13:36:54.030570Z,2026-01-12T13:52:07.730200Z
229,15.228326,2026-01-09T03:40:11.009744Z,2026-01-09T03:55:24.709313Z
230,15.228292,2026-01-11T21:38:49.447601Z,2026-01-11T21:54:03.145115Z
231,15.228237,2026-01-10T12:39:00.739292Z,2026-01-10T12:54:14.433483Z
232,15.228236,2026-01-11T17:34:56.166202Z,2026-01-11T17:50:09.860389Z
233,15.228184,2026-01-13T13:36:36.318923Z,2026-01-13T13:51:50.009984Z
234,15.228095,2026-01-09T12:02:23.135663Z,2026-01-09T12:17:36.821339Z
235,15.228072,2026-01-07T14:12:06.965522Z,2026-01-07T14:27:20.649872Z
236,15.227967,2026-01-09T22:56:51.941026Z,2026-01-09T23:12:05.619060Z
237,15.227953,2026-01-11T12:30:33.331801Z,2026-01-11T12:45:47.009001Z
238,15.227869,2026-01-08T15:59:30.115153Z,2026-01-08T16:14:43.787306Z
239,15.227724,2026-01-13T14:07:02.158308Z,2026-01-13T14:22:15.821750Z
240,15.227519,2026-01-10T04:32:13.271543Z,2026-01-10T04:47:26.922657Z
241,15.227429,2026-01-07T09:23:01.233851Z,2026-01-07T09:38:14.879571Z
242,15.227298,2026-01-08T15:13:48.919854Z,2026-01-08T15:29:02.557737Z
243,15.227281,2026-01-09T02:24:01.530945Z,2026-01-09T02:39:15.167793Z
244,15.227162,2026-01-08T17:00:25.295780Z,2026-01-08T17:15:38.925474Z
245,15.227153,2026-01-11T07:41:34.543016Z,2026-01-11T07:56:48.172174Z
246,15.227135,2026-01-06T20:12:58.473287Z,2026-01-06T20:28:12.101392Z
247,15.227105,2026-01-09T17:06:44.254774Z,2026-01-09T17:21:57.881051Z
248,15.227094,2026-01-10T22:17:43.804671Z,2026-01-10T22:32:57.430284Z
249,15.227052,2026-01-09T21:25:30.102410Z,2026-01-09T21:40:43.725527Z
250,15.227018,2026-01-09T16:36:17.536047Z,2026-01-09T16:51:31.157120Z
251,15.226856,2026-01-08T18:31:46.175541Z,2026-01-08T18:46:59.786873Z
252,15.226746,2026-01-07T10:39:05.873048Z,2026-01-07T10:54:19.477808Z
253,15.226738,2026-01-11T19:52:04.785454Z,2026-01-11T20:07:18.389758Z
254,15.226657,2026-01-10T21:32:01.743860Z,2026-01-10T21:47:15.343294Z
255,15.226636,2026-01-10T21:01:34.633662Z,2026-01-10T21:16:48.231825Z
256,15.226589,2026-01-08T21:34:24.298663Z,2026-01-08T21:49:37.893973Z
257,15.226370,2026-01-09T15:50:37.707241Z,2026-01-09T16:05:51.289463Z
258,15.226164,2026-01-08T20:48:41.317348Z,2026-01-08T21:03:54.887185Z
259,15.225901,2026-01-12T09:05:02.351883Z,2026-01-12T09:20:15.905953Z
260,15.225806,2026-01-11T02:21:44.918181Z,2026-01-11T02:36:58.466522Z
261,15.225781,2026-01-12T00:11:11.899075Z,2026-01-12T00:26:25.445944Z
262,15.225766,2026-01-10T10:06:53.075765Z,2026-01-10T10:22:06.621729Z
263,15.225741,2026-01-13T01:54:21.178942Z,2026-01-13T02:09:34.723385Z
264,15.225738,2026-01-11T18:05:22.871104Z,2026-01-11T18:20:36.415399Z
265,15.225645,2026-01-09T22:11:11.157521Z,2026-01-09T22:26:24.696213Z
266,15.225449,2026-01-10T13:55:08.451589Z,2026-01-10T14:10:21.978529Z
267,15.225391,2026-01-10T18:59:42.344456Z,2026-01-10T19:14:55.867925Z
268,15.225253,2026-01-11T14:01:54.884638Z,2026-01-11T14:17:08.399834Z
269,15.225201,2026-01-10T21:16:48.231825Z,2026-01-10T21:32:01.743860Z
270,15.225129,2026-01-10T22:32:57.430284Z,2026-01-10T22:48:10.938028Z
271,15.225098,2026-01-11T13:46:41.378758Z,2026-01-11T14:01:54.884638Z
272,15.225087,2026-01-11T17:04:30.605187Z,2026-01-11T17:19:44.110410Z
273,15.224734,2026-01-06T17:25:25.460449Z,2026-01-06T17:40:38.944482Z
274,15.224687,2026-01-11T18:20:36.415399Z,2026-01-11T18:35:49.896597Z
275,15.224613,2026-01-06T18:56:52.388562Z,2026-01-06T19:12:05.865336Z
276,15.224538,2026-01-10T00:58:45.247889Z,2026-01-10T01:13:58.720140Z
277,15.224525,2026-01-09T21:10:16.630925Z,2026-01-09T21:25:30.102410Z
278,15.224483,2026-01-06T19:57:45.004286Z,2026-01-06T20:12:58.473287Z
279,15.224481,2026-01-07T09:07:47.764962Z,2026-01-07T09:23:01.233851Z
280,15.224448,2026-01-12T02:58:49.591814Z,2026-01-12T03:14:03.058700Z
281,15.224428,2026-01-13T03:10:37.599291Z,2026-01-13T03:25:51.064945Z
282,15.224311,2026-01-11T18:51:02.852928Z,2026-01-11T19:06:16.311577Z
283,15.224049,2026-01-11T02:52:11.802230Z,2026-01-11T03:07:25.245174Z
284,15.224043,2026-01-12T20:45:56.247390Z,2026-01-12T21:01:09.689946Z
285,15.223971,2026-01-07T02:23:01.271140Z,2026-01-07T02:38:14.709412Z
286,15.223904,2026-01-13T07:59:58.669272Z,2026-01-13T08:15:12.103486Z
287,15.223808,2026-01-12T17:40:20.923900Z,2026-01-12T17:55:34.352398Z
288,15.223764,2026-01-07T13:26:27.879270Z,2026-01-07T13:41:41.305121Z
289,15.223641,2026-01-11T23:10:12.300467Z,2026-01-11T23:25:25.718933Z
290,15.223494,2026-01-10T05:02:39.759346Z,2026-01-10T05:17:53.169006Z
291,15.223426,2026-01-11T04:23:42.100808Z,2026-01-11T04:38:55.506389Z
292,15.223424,2026-01-10T15:41:46.528514Z,2026-01-10T15:56:59.933938Z
293,15.223405,2026-01-12T03:44:28.654785Z,2026-01-12T03:59:42.059087Z
294,15.223020,2026-01-08T17:46:05.533582Z,2026-01-08T18:01:18.914810Z
295,15.222823,2026-01-11T15:02:46.111641Z,2026-01-11T15:17:59.481034Z
296,15.222717,2026-01-10T14:10:21.978529Z,2026-01-10T14:25:35.341523Z
297,15.222675,2026-01-12T01:57:52.872910Z,2026-01-12T02:13:06.233384Z
298,15.222604,2026-01-07T11:39:57.202979Z,2026-01-07T11:55:10.559193Z
299,15.222578,2026-01-08T19:32:38.487968Z,2026-01-08T19:47:51.842650Z
300,15.222514,2026-01-08T13:26:24.874937Z,2026-01-08T13:41:38.225749Z
301,15.222262,2026-01-11T02:36:58.466522Z,2026-01-11T02:52:11.802230Z
302,15.222161,2026-01-07T06:20:28.777585Z,2026-01-07T06:35:42.107270Z
303,15.222055,2026-01-09T05:26:53.237317Z,2026-01-09T05:42:06.560594Z
304,15.222044,2026-01-07T14:57:47.973099Z,2026-01-07T15:13:01.295733Z
305,15.221941,2026-01-11T10:59:17.580989Z,2026-01-11T11:14:30.897464Z
306,15.221940,2026-01-10T16:27:28.997358Z,2026-01-10T16:42:42.313740Z
307,15.221904,2026-01-12T15:38:36.050567Z,2026-01-12T15:53:49.364803Z
308,15.221862,2026-01-13T03:41:03.710084Z,2026-01-13T03:56:17.021810Z
309,15.221799,2026-01-13T15:07:56.395447Z,2026-01-13T15:23:09.703404Z
310,15.221788,2026-01-11T08:42:26.638172Z,2026-01-11T08:57:39.945478Z
311,15.221711,2026-01-09T14:49:45.856445Z,2026-01-09T15:04:59.159123Z
312,15.221638,2026-01-11T08:27:13.339920Z,2026-01-11T08:42:26.638172Z
313,15.221338,2026-01-09T03:09:45.393106Z,2026-01-09T03:24:58.673405Z
314,15.221300,2026-01-12T06:31:56.076228Z,2026-01-12T06:47:09.354202Z
315,15.221229,2026-01-11T06:55:52.661075Z,2026-01-11T07:11:05.934838Z
316,15.221227,2026-01-06T16:54:59.192715Z,2026-01-06T17:10:12.466344Z
317,15.221221,2026-01-10T07:04:23.117734Z,2026-01-10T07:19:36.390987Z
318,15.221216,2026-01-13T12:20:29.966886Z,2026-01-13T12:35:43.239875Z
319,15.221144,2026-01-10T13:39:55.182974Z,2026-01-10T13:55:08.451589Z
320,15.221077,2026-01-11T01:05:27.259906Z,2026-01-11T01:20:40.524526Z
321,15.220902,2026-01-11T00:04:24.926829Z,2026-01-11T00:19:38.180926Z
322,15.220829,2026-01-06T22:45:10.857627Z,2026-01-06T23:00:24.107382Z
323,15.220795,2026-01-09T18:53:18.588266Z,2026-01-09T19:08:31.835989Z
324,15.220744,2026-01-10T04:01:47.119107Z,2026-01-10T04:17:00.363763Z
325,15.220679,2026-01-13T11:02:28.881870Z,2026-01-13T11:17:42.122635Z
326,15.220596,2026-01-12T05:15:52.659936Z,2026-01-12T05:31:05.895716Z
327,15.220366,2026-01-13T10:01:37.151947Z,2026-01-13T10:16:50.373925Z
328,15.220297,2026-01-08T23:36:22.350912Z,2026-01-08T23:51:35.568703Z
329,15.220223,2026-01-11T12:00:07.335604Z,2026-01-11T12:15:20.548969Z
330,15.220128,2026-01-09T23:57:48.749962Z,2026-01-10T00:13:01.957664Z
331,15.220031,2026-01-09T17:37:10.797320Z,2026-01-09T17:52:23.999208Z
332,15.219972,2026-01-09T13:18:30.694371Z,2026-01-09T13:33:43.892674Z
333,15.219931,2026-01-11T04:38:55.506389Z,2026-01-11T04:54:08.702277Z
334,15.219919,2026-01-09T15:20:11.973134Z,2026-01-09T15:35:25.168273Z
335,15.219832,2026-01-12T02:43:36.401919Z,2026-01-12T02:58:49.591814Z
336,15.219798,2026-01-10T20:31:07.245340Z,2026-01-10T20:46:20.433196Z
337,15.219663,2026-01-13T07:14:21.304643Z,2026-01-13T07:29:34.484421Z
338,15.219661,2026-01-11T15:48:26.291365Z,2026-01-11T16:03:39.471000Z
339,15.219617,2026-01-13T16:24:01.418148Z,2026-01-13T16:39:14.595161Z
340,15.219612,2026-01-13T10:47:15.705178Z,2026-01-13T11:02:28.881870Z
341,15.219591,2026-01-13T16:08:48.242686Z,2026-01-13T16:24:01.418148Z
342,15.219580,2026-01-13T10:32:02.530354Z,2026-01-13T10:47:15.705178Z
343,15.219516,2026-01-08T19:02:12.404725Z,2026-01-08T19:17:25.575705Z
344,15.219434,2026-01-11T22:24:33.014330Z,2026-01-11T22:39:46.180342Z
345,15.219290,2026-01-09T08:59:47.228368Z,2026-01-09T09:15:00.385775Z
346,15.219061,2026-01-10T06:03:31.581094Z,2026-01-10T06:18:44.724764Z
347,15.219001,2026-01-12T14:37:45.070359Z,2026-01-12T14:52:58.210403Z
348,15.218965,2026-01-08T18:16:33.037650Z,2026-01-08T18:31:46.175541Z
349,15.218958,2026-01-11T13:16:12.987263Z,2026-01-11T13:31:26.124714Z
350,15.218942,2026-01-09T22:26:24.696213Z,2026-01-09T22:41:37.832738Z
351,15.218808,2026-01-12T16:54:42.088942Z,2026-01-12T17:09:55.217448Z
352,15.218401,2026-01-11T05:24:36.081707Z,2026-01-11T05:39:49.185786Z
353,15.218368,2026-01-13T00:53:29.755914Z,2026-01-13T01:08:42.857983Z
354,15.218294,2026-01-09T16:51:31.157120Z,2026-01-09T17:06:44.254774Z
355,15.218293,2026-01-11T22:54:59.202913Z,2026-01-11T23:10:12.300467Z
356,15.218015,2026-01-13T05:58:17.269142Z,2026-01-13T06:13:30.350020Z
357,15.217999,2026-01-09T12:32:50.794973Z,2026-01-09T12:48:03.874912Z
358,15.217997,2026-01-10T05:33:05.700213Z,2026-01-10T05:48:18.780058Z
359,15.217892,2026-01-07T14:42:34.899593Z,2026-01-07T14:57:47.973099Z
360,15.217868,2026-01-07T13:56:53.893413Z,2026-01-07T14:12:06.965522Z
361,15.217867,2026-01-12T14:22:31.998327Z,2026-01-12T14:37:45.070359Z
362,15.217842,2026-01-09T19:38:57.567057Z,2026-01-09T19:54:10.637589Z
363,15.217832,2026-01-12T11:52:23.350721Z,2026-01-12T12:07:36.420648Z
364,15.217831,2026-01-08T22:04:52.080134Z,2026-01-08T22:20:05.149978Z
365,15.217728,2026-01-10T01:44:29.023814Z,2026-01-10T01:59:42.087500Z
366,15.217719,2026-01-07T08:06:58.369362Z,2026-01-07T08:22:11.432527Z
367,15.217655,2026-01-10T06:49:10.058420Z,2026-01-10T07:04:23.117734Z
368,15.217630,2026-01-12T20:15:30.245512Z,2026-01-12T20:30:43.303322Z
369,15.217628,2026-01-13T11:34:51.129479Z,2026-01-13T11:50:04.187150Z
370,15.217572,2026-01-09T10:15:52.706074Z,2026-01-09T10:31:05.760370Z
371,15.217551,2026-01-09T23:12:05.619060Z,2026-01-09T23:27:18.672132Z
372,15.217541,2026-01-12T21:01:09.689946Z,2026-01-12T21:16:22.742387Z
373,15.217428,2026-01-12T09:50:41.364839Z,2026-01-12T10:05:54.410521Z
374,15.217373,2026-01-13T08:15:12.103486Z,2026-01-13T08:30:25.145840Z
375,15.217372,2026-01-10T20:00:39.966160Z,2026-01-10T20:15:53.008498Z
376,15.217341,2026-01-08T20:33:28.276891Z,2026-01-08T20:48:41.317348Z
377,15.217095,2026-01-11T14:32:20.839214Z,2026-01-11T14:47:33.864888Z
378,15.217043,2026-01-11T22:39:46.180342Z,2026-01-11T22:54:59.202913Z
379,15.216930,2026-01-07T15:58:45.910105Z,2026-01-07T16:13:58.925894Z
380,15.216852,2026-01-09T18:22:51.813052Z,2026-01-09T18:38:04.824155Z
381,15.216845,2026-01-11T17:50:09.860389Z,2026-01-11T18:05:22.871104Z
382,15.216817,2026-01-12T00:56:54.839664Z,2026-01-12T01:12:07.848702Z
383,15.216781,2026-01-11T20:37:52.698128Z,2026-01-11T20:53:05.704964Z
384,15.216775,2026-01-10T10:37:18.435627Z,2026-01-10T10:52:31.442140Z
385,15.216570,2026-01-07T07:06:08.641879Z,2026-01-07T07:21:21.636055Z
386,15.216568,2026-01-06T17:10:12.466344Z,2026-01-06T17:25:25.460449Z
387,15.216563,2026-01-09T12:48:03.874912Z,2026-01-09T13:03:16.868681Z
388,15.216527,2026-01-11T23:25:25.718933Z,2026-01-11T23:40:38.710582Z
389,15.216496,2026-01-07T05:50:03.350680Z,2026-01-07T06:05:16.340464Z
390,15.216467,2026-01-11T07:56:48.172174Z,2026-01-11T08:12:01.160197Z
391,15.216382,2026-01-07T16:13:58.925894Z,2026-01-07T16:29:11.908810Z
392,15.216367,2026-01-07T03:54:21.185626Z,2026-01-07T04:09:34.167628Z
393,15.216344,2026-01-07T12:40:48.055164Z,2026-01-07T12:56:01.035829Z
394,15.216184,2026-01-13T11:50:04.187150Z,2026-01-13T12:05:17.158189Z
395,15.216167,2026-01-12T03:29:15.684736Z,2026-01-12T03:44:28.654785Z
396,15.215994,2026-01-09T05:42:06.560594Z,2026-01-09T05:57:19.520231Z
397,15.215978,2026-01-07T01:22:07.625104Z,2026-01-07T01:37:20.583810Z
398,15.215939,2026-01-11T18:35:49.896597Z,2026-01-11T18:51:02.852928Z
399,15.215909,2026-01-07T05:19:38.105832Z,2026-01-07T05:34:51.060394Z
400,15.215886,2026-01-11T06:10:13.718341Z,2026-01-11T06:25:26.671478Z
401,15.215836,2026-01-12T09:20:15.905953Z,2026-01-12T09:35:28.856100Z
402,15.215759,2026-01-13T00:23:04.716705Z,2026-01-13T00:38:17.662243Z
403,15.215757,2026-01-07T15:13:01.295733Z,2026-01-07T15:28:14.241152Z
404,15.215737,2026-01-10T17:28:25.375241Z,2026-01-10T17:43:38.319461Z
405,15.215734,2026-01-12T20:30:43.303322Z,2026-01-12T20:45:56.247390Z
406,15.215584,2026-01-11T15:17:59.481034Z,2026-01-11T15:33:12.416091Z
407,15.215583,2026-01-09T19:23:44.632075Z,2026-01-09T19:38:57.567057Z
408,15.215528,2026-01-07T05:04:25.174159Z,2026-01-07T05:19:38.105832Z
409,15.215320,2026-01-08T23:51:35.568703Z,2026-01-09T00:06:48.487875Z
410,15.215271,2026-01-09T17:21:57.881051Z,2026-01-09T17:37:10.797320Z
411,15.215204,2026-01-08T19:17:25.575705Z,2026-01-08T19:32:38.487968Z
412,15.215183,2026-01-06T19:12:05.865336Z,2026-01-06T19:27:18.776330Z
413,15.215130,2026-01-10T04:17:00.363763Z,2026-01-10T04:32:13.271543Z
414,15.215125,2026-01-10T09:36:27.595595Z,2026-01-10T09:51:40.503110Z
415,15.215095,2026-01-09T20:09:23.060004Z,2026-01-09T20:24:35.965712Z
416,15.215076,2026-01-10T11:53:22.909416Z,2026-01-10T12:08:35.813995Z
417,15.215052,2026-01-12T14:52:58.210403Z,2026-01-12T15:08:11.113511Z
418,15.214972,2026-01-08T16:14:43.787306Z,2026-01-08T16:29:56.685633Z
419,15.214927,2026-01-10T23:18:39.464471Z,2026-01-10T23:33:52.360085Z
420,15.214910,2026-01-12T17:25:08.029301Z,2026-01-12T17:40:20.923900Z
421,15.214823,2026-01-12T06:16:43.186826Z,2026-01-12T06:31:56.076228Z
422,15.214818,2026-01-08T14:42:33.696937Z,2026-01-08T14:57:46.586043Z
423,15.214798,2026-01-07T10:08:40.194293Z,2026-01-07T10:23:53.082171Z
424,15.214774,2026-01-11T05:55:00.831872Z,2026-01-11T06:10:13.718341Z
425,15.214470,2026-01-07T11:24:44.334764Z,2026-01-07T11:39:57.202979Z
426,15.214297,2026-01-11T19:06:16.311577Z,2026-01-11T19:21:29.169404Z
427,15.214101,2026-01-13T14:52:43.549411Z,2026-01-13T15:07:56.395447Z
428,15.214041,2026-01-09T01:38:13.295457Z,2026-01-09T01:53:26.137923Z
429,15.214028,2026-01-08T23:05:56.757478Z,2026-01-08T23:21:09.599141Z
430,15.213945,2026-01-10T04:47:26.922657Z,2026-01-10T05:02:39.759346Z
431,15.213775,2026-01-11T10:44:04.754506Z,2026-01-11T10:59:17.580989Z
432,15.213687,2026-01-12T20:00:17.424305Z,2026-01-12T20:15:30.245512Z
433,15.213679,2026-01-07T11:09:31.514038Z,2026-01-07T11:24:44.334764Z
434,15.213588,2026-01-12T15:23:23.235298Z,2026-01-12T15:38:36.050567Z
435,15.213567,2026-01-09T15:04:59.159123Z,2026-01-09T15:20:11.973134Z
436,15.213531,2026-01-12T17:09:55.217448Z,2026-01-12T17:25:08.029301Z
437,15.213478,2026-01-13T12:05:17.158189Z,2026-01-13T12:20:29.966886Z
438,15.213468,2026-01-09T09:15:00.385775Z,2026-01-09T09:30:13.193826Z
439,15.213358,2026-01-09T20:55:03.829437Z,2026-01-09T21:10:16.630925Z
440,15.213351,2026-01-10T05:48:18.780058Z,2026-01-10T06:03:31.581094Z
441,15.213268,2026-01-09T19:08:31.835989Z,2026-01-09T19:23:44.632075Z
442,15.213255,2026-01-07T13:11:15.083951Z,2026-01-07T13:26:27.879270Z
443,15.213181,2026-01-07T10:23:53.082171Z,2026-01-07T10:39:05.873048Z
444,15.213047,2026-01-11T12:15:20.548969Z,2026-01-11T12:30:33.331801Z
445,15.212964,2026-01-11T09:12:52.371821Z,2026-01-11T09:28:05.149645Z
446,15.212842,2026-01-09T02:39:15.167793Z,2026-01-09T02:54:27.938300Z
447,15.212673,2026-01-07T09:38:14.879571Z,2026-01-07T09:53:27.639966Z
448,15.212665,2026-01-11T16:49:17.845277Z,2026-01-11T17:04:30.605187Z
449,15.212530,2026-01-08T23:21:09.599141Z,2026-01-08T23:36:22.350912Z
450,15.212493,2026-01-09T09:45:27.317222Z,2026-01-09T10:00:40.066780Z
451,15.212482,2026-01-08T14:58:36.170916Z,2026-01-08T15:13:48.919854Z
452,15.212337,2026-01-10T11:38:10.169193Z,2026-01-10T11:53:22.909416Z
453,15.212273,2026-01-10T17:58:52.214140Z,2026-01-10T18:14:04.950545Z
454,15.212183,2026-01-13T12:50:57.236940Z,2026-01-13T13:06:09.967942Z
455,15.212107,2026-01-06T18:26:23.744113Z,2026-01-06T18:41:36.470540Z
456,15.212101,2026-01-10T12:08:35.813995Z,2026-01-10T12:23:48.540051Z
457,15.211962,2026-01-09T06:42:57.075466Z,2026-01-09T06:58:09.793175Z
458,15.211943,2026-01-08T21:19:11.582067Z,2026-01-08T21:34:24.298663Z
459,15.211909,2026-01-12T15:53:49.364803Z,2026-01-12T16:09:02.079358Z
460,15.211860,2026-01-08T13:41:38.225749Z,2026-01-08T13:56:50.937325Z
461,15.211582,2026-01-07T12:10:22.891325Z,2026-01-07T12:25:35.586257Z
462,15.211516,2026-01-09T06:12:32.174193Z,2026-01-09T06:27:44.865161Z
463,15.211419,2026-01-10T08:20:25.139020Z,2026-01-10T08:35:37.824136Z
464,15.211362,2026-01-07T03:39:08.503908Z,2026-01-07T03:54:21.185626Z
465,15.211260,2026-01-13T09:46:24.476337Z,2026-01-13T10:01:37.151947Z
466,15.211211,2026-01-09T11:01:29.938295Z,2026-01-09T11:16:42.610980Z
467,15.211136,2026-01-12T10:36:18.697466Z,2026-01-12T10:51:31.365646Z
468,15.211128,2026-01-13T02:09:34.723385Z,2026-01-13T02:24:47.391090Z
469,15.211127,2026-01-10T06:33:57.390822Z,2026-01-10T06:49:10.058420Z
470,15.211101,2026-01-10T06:18:44.724764Z,2026-01-10T06:33:57.390822Z
471,15.211051,2026-01-10T13:09:28.694763Z,2026-01-10T13:24:41.357807Z
472,15.211026,2026-01-13T14:22:15.821750Z,2026-01-13T14:37:28.483293Z
473,15.210967,2026-01-08T14:12:06.236991Z,2026-01-08T14:27:18.894981Z
474,15.210911,2026-01-13T05:27:52.654743Z,2026-01-13T05:43:05.309403Z
475,15.210899,2026-01-09T05:57:19.520231Z,2026-01-09T06:12:32.174193Z
476,15.210752,2026-01-13T03:25:51.064945Z,2026-01-13T03:41:03.710084Z
477,15.210731,2026-01-08T17:30:52.889737Z,2026-01-08T17:46:05.533582Z
478,15.210655,2026-01-09T10:00:40.066780Z,2026-01-09T10:15:52.706074Z
479,15.210553,2026-01-07T03:08:41.547077Z,2026-01-07T03:23:54.180272Z
480,15.210453,2026-01-12T16:09:02.079358Z,2026-01-12T16:24:14.706541Z
481,15.210434,2026-01-12T03:14:03.058700Z,2026-01-12T03:29:15.684736Z
482,15.210298,2026-01-08T18:46:59.786873Z,2026-01-08T19:02:12.404725Z
483,15.210291,2026-01-12T16:39:29.471507Z,2026-01-12T16:54:42.088942Z
484,15.210156,2026-01-09T08:14:10.481755Z,2026-01-09T08:29:23.091097Z
485,15.209937,2026-01-12T05:46:18.460893Z,2026-01-12T06:01:31.057124Z
486,15.209805,2026-01-07T13:41:41.305121Z,2026-01-07T13:56:53.893413Z
487,15.209757,2026-01-12T04:30:08.464825Z,2026-01-12T04:45:21.050229Z
488,15.209753,2026-01-10T09:06:02.983748Z,2026-01-10T09:21:15.568957Z
489,15.209643,2026-01-07T00:49:33.634143Z,2026-01-07T01:04:46.212727Z
490,15.209584,2026-01-11T05:09:23.506694Z,2026-01-11T05:24:36.081707Z
491,15.209544,2026-01-10T09:51:40.503110Z,2026-01-10T10:06:53.075765Z
492,15.209420,2026-01-12T05:31:05.895716Z,2026-01-12T05:46:18.460893Z
493,15.209239,2026-01-07T09:53:27.639966Z,2026-01-07T10:08:40.194293Z
494,15.209183,2026-01-12T08:49:49.800875Z,2026-01-12T09:05:02.351883Z
495,15.209154,2026-01-10T11:07:43.486783Z,2026-01-10T11:22:56.036027Z
496,15.208983,2026-01-09T15:35:25.168273Z,2026-01-09T15:50:37.707241Z
497,15.208936,2026-01-09T04:41:12.166312Z,2026-01-09T04:56:24.702461Z
498,15.208930,2026-01-06T22:29:58.321850Z,2026-01-06T22:45:10.857627Z
499,15.208853,2026-01-10T05:17:53.169006Z,2026-01-10T05:33:05.700213Z
500,15.208741,2026-01-13T08:30:25.145840Z,2026-01-13T08:45:37.670300Z
501,15.208616,2026-01-09T00:52:34.664351Z,2026-01-09T01:07:47.181313Z
502,15.208590,2026-01-06T23:30:55.653236Z,2026-01-06T23:46:08.168607Z
503,15.208521,2026-01-13T15:23:09.703404Z,2026-01-13T15:38:22.214669Z
504,15.208479,2026-01-12T09:35:28.856100Z,2026-01-12T09:50:41.364839Z
505,15.208358,2026-01-06T21:44:19.518427Z,2026-01-06T21:59:32.019900Z
506,15.208313,2026-01-10T18:29:17.384239Z,2026-01-10T18:44:29.883019Z
507,15.207880,2026-01-11T21:23:36.974795Z,2026-01-11T21:38:49.447601Z
508,15.207839,2026-01-13T04:26:53.547979Z,2026-01-13T04:42:06.018346Z
509,15.207815,2026-01-07T12:25:35.586257Z,2026-01-07T12:40:48.055164Z
510,15.207790,2026-01-11T21:54:03.145115Z,2026-01-11T22:09:15.612510Z
511,15.207767,2026-01-13T13:06:09.967942Z,2026-01-13T13:21:22.433959Z
512,15.207691,2026-01-10T18:44:29.883019Z,2026-01-10T18:59:42.344456Z
513,15.207597,2026-01-07T08:52:35.309135Z,2026-01-07T09:07:47.764962Z
514,15.207558,2026-01-09T10:31:05.760370Z,2026-01-09T10:46:18.213833Z
515,15.207461,2026-01-12T08:19:25.253040Z,2026-01-12T08:34:37.700694Z
516,15.207323,2026-01-11T14:17:08.399834Z,2026-01-11T14:32:20.839214Z
517,15.207285,2026-01-07T06:05:16.340464Z,2026-01-07T06:20:28.777585Z
518,15.207228,2026-01-10T18:14:04.950545Z,2026-01-10T18:29:17.384239Z
519,15.207161,2026-01-12T19:14:32.989069Z,2026-01-12T19:29:45.418725Z
520,15.207106,2026-01-11T08:57:39.945478Z,2026-01-11T09:12:52.371821Z
521,15.207075,2026-01-13T01:39:08.754432Z,2026-01-13T01:54:21.178942Z
522,15.207040,2026-01-09T19:54:10.637589Z,2026-01-09T20:09:23.060004Z
523,15.206975,2026-01-11T09:58:28.832623Z,2026-01-11T10:13:41.251131Z
524,15.206885,2026-01-10T07:34:48.719982Z,2026-01-10T07:50:01.133088Z
525,15.206684,2026-01-09T07:58:58.080704Z,2026-01-09T08:14:10.481755Z
526,15.206680,2026-01-06T20:58:41.068536Z,2026-01-06T21:13:53.469350Z
527,15.206546,2026-01-13T09:00:48.871488Z,2026-01-13T09:16:01.264262Z
528,15.206521,2026-01-07T00:01:20.146010Z,2026-01-07T00:16:32.537272Z
529,15.206359,2026-01-12T01:27:25.402188Z,2026-01-12T01:42:37.783699Z
530,15.205949,2026-01-09T07:43:45.723770Z,2026-01-09T07:58:58.080704Z
531,15.205875,2026-01-12T13:52:07.730200Z,2026-01-12T14:07:20.082688Z
532,15.205871,2026-01-07T07:51:46.017109Z,2026-01-07T08:06:58.369362Z
533,15.205728,2026-01-11T16:34:05.501618Z,2026-01-11T16:49:17.845277Z
534,15.205676,2026-01-07T07:21:21.636055Z,2026-01-07T07:36:33.976643Z
535,15.205606,2026-01-09T03:24:58.673405Z,2026-01-09T03:40:11.009744Z
536,15.205536,2026-01-07T11:55:10.559193Z,2026-01-07T12:10:22.891325Z
537,15.205483,2026-01-10T07:19:36.390987Z,2026-01-10T07:34:48.719982Z
538,15.205287,2026-01-11T16:03:39.471000Z,2026-01-11T16:18:51.788244Z
539,15.205085,2026-01-12T08:04:12.947967Z,2026-01-12T08:19:25.253040Z
540,15.205031,2026-01-07T06:35:42.107270Z,2026-01-07T06:50:54.409121Z
541,15.204839,2026-01-06T21:13:53.469350Z,2026-01-06T21:29:05.759702Z
542,15.204838,2026-01-07T05:34:51.060394Z,2026-01-07T05:50:03.350680Z
543,15.204655,2026-01-12T10:21:06.418145Z,2026-01-12T10:36:18.697466Z
544,15.204608,2026-01-09T14:19:21.691304Z,2026-01-09T14:34:33.967804Z
545,15.204583,2026-01-06T16:39:46.917713Z,2026-01-06T16:54:59.192715Z
546,15.204521,2026-01-13T07:29:34.484421Z,2026-01-13T07:44:46.755685Z
547,15.204113,2026-01-11T14:47:33.864888Z,2026-01-11T15:02:46.111641Z
548,15.203871,2026-01-09T08:29:23.091097Z,2026-01-09T08:44:35.323371Z
549,15.203687,2026-01-11T11:14:30.897464Z,2026-01-11T11:29:43.118678Z
550,15.203609,2026-01-11T06:25:26.671478Z,2026-01-11T06:40:38.888028Z
551,15.203505,2026-01-09T06:27:44.865161Z,2026-01-09T06:42:57.075466Z
552,15.203505,2026-01-12T06:47:09.354202Z,2026-01-12T07:02:21.564518Z
553,15.203356,2026-01-12T07:49:00.746618Z,2026-01-12T08:04:12.947967Z
554,15.203321,2026-01-10T12:23:48.540051Z,2026-01-10T12:39:00.739292Z
555,15.203310,2026-01-07T08:37:23.110540Z,2026-01-07T08:52:35.309135Z
556,15.203196,2026-01-11T11:29:43.118678Z,2026-01-11T11:44:55.310430Z
557,15.203152,2026-01-09T07:13:21.389595Z,2026-01-09T07:28:33.578708Z
558,15.203097,2026-01-08T19:47:51.842650Z,2026-01-08T20:03:04.028474Z
559,15.203088,2026-01-09T01:23:01.110147Z,2026-01-09T01:38:13.295457Z
560,15.202995,2026-01-11T08:12:01.160197Z,2026-01-11T08:27:13.339920Z
561,15.202837,2026-01-07T02:53:29.376853Z,2026-01-07T03:08:41.547077Z
562,15.202667,2026-01-13T15:38:22.214669Z,2026-01-13T15:53:34.374697Z
563,15.202607,2026-01-13T10:16:50.373925Z,2026-01-13T10:32:02.530354Z
564,15.202472,2026-01-13T13:51:50.009984Z,2026-01-13T14:07:02.158308Z
565,15.202418,2026-01-09T07:28:33.578708Z,2026-01-09T07:43:45.723770Z
566,15.202384,2026-01-06T19:42:32.861267Z,2026-01-06T19:57:45.004286Z
567,15.202162,2026-01-12T06:01:31.057124Z,2026-01-12T06:16:43.186826Z
568,15.202103,2026-01-09T14:04:09.565102Z,2026-01-09T14:19:21.691304Z
569,15.202088,2026-01-06T22:14:46.196580Z,2026-01-06T22:29:58.321850Z
570,15.202074,2026-01-08T20:18:16.152463Z,2026-01-08T20:33:28.276891Z
571,15.202066,2026-01-08T20:03:04.028474Z,2026-01-08T20:18:16.152463Z
572,15.202030,2026-01-12T15:08:11.113511Z,2026-01-12T15:23:23.235298Z
573,15.201954,2026-01-10T08:05:13.021799Z,2026-01-10T08:20:25.139020Z
574,15.201835,2026-01-12T11:37:11.240645Z,2026-01-12T11:52:23.350721Z
575,15.201775,2026-01-12T03:59:42.059087Z,2026-01-12T04:14:54.165599Z
576,15.201734,2026-01-08T22:35:30.171126Z,2026-01-08T22:50:42.275163Z
577,15.201734,2026-01-11T12:45:47.009001Z,2026-01-11T13:00:59.113028Z
578,15.201670,2026-01-12T08:34:37.700694Z,2026-01-12T08:49:49.800875Z
579,15.201561,2026-01-13T00:38:17.662243Z,2026-01-13T00:53:29.755914Z
580,15.201092,2026-01-09T11:47:11.070158Z,2026-01-09T12:02:23.135663Z
581,15.201058,2026-01-09T16:05:51.289463Z,2026-01-09T16:21:03.352929Z
582,15.200930,2026-01-11T17:19:44.110410Z,2026-01-11T17:34:56.166202Z
583,15.200744,2026-01-10T10:52:31.442140Z,2026-01-10T11:07:43.486783Z
584,15.200742,2026-01-12T11:06:45.357447Z,2026-01-12T11:21:57.401939Z
585,15.200674,2026-01-07T07:36:33.976643Z,2026-01-07T07:51:46.017109Z
586,15.200604,2026-01-07T10:54:19.477808Z,2026-01-07T11:09:31.514038Z
587,15.200444,2026-01-10T09:21:15.568957Z,2026-01-10T09:36:27.595595Z
588,15.200420,2026-01-11T11:44:55.310430Z,2026-01-11T12:00:07.335604Z
589,15.200284,2026-01-11T10:28:52.737474Z,2026-01-11T10:44:04.754506Z
590,15.200127,2026-01-12T10:05:54.410521Z,2026-01-12T10:21:06.418145Z
591,15.199623,2026-01-06T23:46:08.168607Z,2026-01-07T00:01:20.146010Z
592,15.199329,2026-01-13T05:43:05.309403Z,2026-01-13T05:58:17.269142Z
593,15.198745,2026-01-07T02:07:49.346427Z,2026-01-07T02:23:01.271140Z
594,15.198594,2026-01-12T14:07:20.082688Z,2026-01-12T14:22:31.998327Z
595,15.198560,2026-01-13T07:44:46.755685Z,2026-01-13T07:59:58.669272Z
596,15.198417,2026-01-09T08:44:35.323371Z,2026-01-09T08:59:47.228368Z
597,15.198400,2026-01-13T01:08:42.857983Z,2026-01-13T01:23:54.761979Z
598,15.198255,2026-01-13T06:28:44.126588Z,2026-01-13T06:43:56.021895Z
599,15.198145,2026-01-10T07:50:01.133088Z,2026-01-10T08:05:13.021799Z
600,15.198144,2026-01-09T14:34:33.967804Z,2026-01-09T14:49:45.856445Z
601,15.198085,2026-01-11T09:28:05.149645Z,2026-01-11T09:43:17.034772Z
602,15.197480,2026-01-13T09:31:12.627566Z,2026-01-13T09:46:24.476337Z
603,15.196898,2026-01-10T10:22:06.621729Z,2026-01-10T10:37:18.435627Z
604,15.196631,2026-01-11T09:43:17.034772Z,2026-01-11T09:58:28.832623Z
605,15.195408,2026-01-09T10:46:18.213833Z,2026-01-09T11:01:29.938295Z
606,15.194634,2026-01-07T08:22:11.432527Z,2026-01-07T08:37:23.110540Z
607,15.194101,2026-01-11T05:39:49.185786Z,2026-01-11T05:55:00.831872Z
608,15.193333,2026-01-09T13:48:57.965097Z,2026-01-09T14:04:09.565102Z
609,15.193274,2026-01-09T06:58:09.793175Z,2026-01-09T07:13:21.389595Z
610,15.191439,2026-01-11T10:13:41.251131Z,2026-01-11T10:28:52.737474Z
611,15.190595,2026-01-12T07:33:49.310919Z,2026-01-12T07:49:00.746618Z
612,15.189968,2026-01-10T08:35:37.824136Z,2026-01-10T08:50:49.222207Z
613,15.189388,2026-01-13T09:16:01.264262Z,2026-01-13T09:31:12.627566Z
614,15.187076,2026-01-13T06:43:56.021895Z,2026-01-13T06:59:07.246463Z
615,15.186686,2026-01-13T08:45:37.670300Z,2026-01-13T09:00:48.871488Z
616,10.387728,2026-01-08T12:55:52.209241Z,2026-01-08T13:06:15.472932Z
617,3.146687,2026-01-08T12:52:11.557340Z,2026-01-08T12:55:20.358587Z
618,1.636387,2026-01-08T12:47:09.117141Z,2026-01-08T12:48:47.300372Z
619,1.295074,2026-01-08T12:45:04.219931Z,2026-01-08T12:46:21.924399Z
620,1.192215,2026-01-08T12:48:47.300372Z,2026-01-08T12:49:58.833258Z
621,0.925900,2026-01-08T13:06:15.472932Z,2026-01-08T13:07:11.026950Z
622,0.826415,2026-01-08T14:57:46.586043Z,2026-01-08T14:58:36.170916Z
623,0.786546,2026-01-08T12:46:21.924399Z,2026-01-08T12:47:09.117141Z
624,0.650490,2026-01-08T12:50:26.045887Z,2026-01-08T12:51:05.075267Z
625,0.633969,2026-01-08T12:51:33.519217Z,2026-01-08T12:52:11.557340Z
626,0.474066,2026-01-08T12:51:05.075267Z,2026-01-08T12:51:33.519217Z
627,0.453544,2026-01-08T12:49:58.833258Z,2026-01-08T12:50:26.045887Z
628,0.435977,2026-01-08T12:55:20.536396Z,2026-01-08T12:55:46.695033Z
629,0.411970,2026-01-08T13:26:00.156726Z,2026-01-08T13:26:24.874937Z
630,0.088728,2026-01-08T12:55:46.695033Z,2026-01-08T12:55:52.018740Z
631,0.001623,2026-01-08T12:55:52.111885Z,2026-01-08T12:55:52.209241Z
632,0.001552,2026-01-08T12:55:52.018740Z,2026-01-08T12:55:52.111885Z
633,0.001494,2026-01-08T12:55:20.358587Z,2026-01-08T12:55:20.448253Z
634,0.001469,2026-01-08T12:55:20.448253Z,2026-01-08T12:55:20.536396Z
