run_id_t,run_id_t1,run_time_t,run_time_t1,dt_minutes,new_posts,dropped,survivors,survival_rate
20260106_163946_917408,20260106_165459_192399,2026-01-06T16:39:46.917713Z,2026-01-06T16:54:59.192715Z,15.204583366666666,49,51,940,0.9485368314833501
20260106_165459_192399,20260106_171012_466081,2026-01-06T16:54:59.192715Z,2026-01-06T17:10:12.466344Z,15.22122715,56,56,933,0.9433771486349848
20260106_171012_466081,20260106_172525_460308,2026-01-06T17:10:12.466344Z,2026-01-06T17:25:25.460449Z,15.216568416666666,41,41,948,0.9585439838220424
20260106_172525_460308,20260106_174038_944301,2026-01-06T17:25:25.460449Z,2026-01-06T17:40:38.944482Z,15.224733883333332,49,49,940,0.9504550050556118
20260106_174038_944301,20260106_175553_441202,2026-01-06T17:40:38.944482Z,2026-01-06T17:55:53.441542Z,15.241617666666667,56,55,934,0.9443882709807887
20260106_175553_441202,20260106_181108_940372,2026-01-06T17:55:53.441542Z,2026-01-06T18:11:08.940664Z,15.2583187,46,48,942,0.9515151515151515
20260106_181108_940372,20260106_182623_743695,2026-01-06T18:11:08.940664Z,2026-01-06T18:26:23.744113Z,15.24672415,53,54,934,0.9453441295546559
20260106_182623_743695,20260106_184136_470205,2026-01-06T18:26:23.744113Z,2026-01-06T18:41:36.470540Z,15.212107116666665,52,49,938,0.950354609929078
20260106_184136_470205,20260106_185652_388119,2026-01-06T18:41:36.470540Z,2026-01-06T18:56:52.388562Z,15.265300366666667,54,53,937,0.9464646464646465
20260106_185652_388119,20260106_191205_864885,2026-01-06T18:56:52.388562Z,2026-01-06T19:12:05.865336Z,15.2246129,34,34,957,0.9656912209889001
20260106_191205_864885,20260106_192718_775983,2026-01-06T19:12:05.865336Z,2026-01-06T19:27:18.776330Z,15.215183233333333,45,44,947,0.9556004036326943
20260106_192718_775983,20260106_194232_860866,2026-01-06T19:27:18.776330Z,2026-01-06T19:42:32.861267Z,15.23474895,52,53,939,0.9465725806451613
20260106_194232_860866,20260106_195745_003945,2026-01-06T19:42:32.861267Z,2026-01-06T19:57:45.004286Z,15.20238365,50,49,942,0.9505549949545913
20260106_195745_003945,20260106_201258_472839,2026-01-06T19:57:45.004286Z,2026-01-06T20:12:58.473287Z,15.224483350000002,46,45,947,0.9546370967741935
20260106_201258_472839,20260106_202812_101098,2026-01-06T20:12:58.473287Z,2026-01-06T20:28:12.101392Z,15.227135083333334,40,41,952,0.9587109768378651
20260106_202812_101098,20260106_204326_145135,2026-01-06T20:28:12.101392Z,2026-01-06T20:43:26.145394Z,15.2340667,31,31,961,0.96875
20260106_204326_145135,20260106_205841_068260,2026-01-06T20:43:26.145394Z,2026-01-06T20:58:41.068536Z,15.248719033333334,32,31,961,0.96875
20260106_205841_068260,20260106_211353_469161,2026-01-06T20:58:41.068536Z,2026-01-06T21:13:53.469350Z,15.206680233333334,43,43,950,0.9566968781470292
20260106_211353_469161,20260106_212905_759434,2026-01-06T21:13:53.469350Z,2026-01-06T21:29:05.759702Z,15.2048392,57,55,938,0.9446122860020141
20260106_212905_759434,20260106_214419_518209,2026-01-06T21:29:05.759702Z,2026-01-06T21:44:19.518427Z,15.229312083333333,36,38,957,0.9618090452261306
20260106_214419_518209,20260106_215932_019696,2026-01-06T21:44:19.518427Z,2026-01-06T21:59:32.019900Z,15.208357883333333,47,47,946,0.9526686807653575
20260106_215932_019696,20260106_221446_196286,2026-01-06T21:59:32.019900Z,2026-01-06T22:14:46.196580Z,15.236278,39,41,952,0.9587109768378651
20260106_221446_196286,20260106_222958_321534,2026-01-06T22:14:46.196580Z,2026-01-06T22:29:58.321850Z,15.202087833333334,46,46,945,0.9535822401614531
20260106_222958_321534,20260106_224510_857366,2026-01-06T22:29:58.321850Z,2026-01-06T22:45:10.857627Z,15.208929616666667,39,38,953,0.9616548940464178
20260106_224510_857366,20260106_230024_107200,2026-01-06T22:45:10.857627Z,2026-01-06T23:00:24.107382Z,15.220829250000001,39,39,953,0.9606854838709677
20260106_230024_107200,20260106_231540_063903,2026-01-06T23:00:24.107382Z,2026-01-06T23:15:40.064089Z,15.265945116666668,47,47,945,0.9526209677419355
20260106_231540_063903,20260106_233055_653053,2026-01-06T23:15:40.064089Z,2026-01-06T23:30:55.653236Z,15.259819116666668,38,36,956,0.9637096774193549
20260106_233055_653053,20260106_234608_168454,2026-01-06T23:30:55.653236Z,2026-01-06T23:46:08.168607Z,15.208589516666667,30,30,964,0.9698189134808853
20260106_234608_168454,20260107_000120_145879,2026-01-06T23:46:08.168607Z,2026-01-07T00:01:20.146010Z,15.199623383333334,33,35,959,0.9647887323943662
20260107_000120_145879,20260107_001632_537025,2026-01-07T00:01:20.146010Z,2026-01-07T00:16:32.537272Z,15.206521033333333,46,45,947,0.9546370967741935
20260107_001632_537025,20260107_003146_804583,2026-01-07T00:16:32.537272Z,2026-01-07T00:31:46.804998Z,15.237795433333334,41,43,950,0.9566968781470292
20260107_003146_804583,20260107_004933_633725,2026-01-07T00:31:46.804998Z,2026-01-07T00:49:33.634143Z,17.78048575,45,45,946,0.9545913218970736
20260107_004933_633725,20260107_010446_212505,2026-01-07T00:49:33.634143Z,2026-01-07T01:04:46.212727Z,15.209643066666667,36,37,954,0.9626639757820383
20260107_010446_212505,20260107_012207_624898,2026-01-07T01:04:46.212727Z,2026-01-07T01:22:07.625104Z,17.356872950000003,36,37,953,0.9626262626262626
20260107_012207_624898,20260107_013720_583589,2026-01-07T01:22:07.625104Z,2026-01-07T01:37:20.583810Z,15.215978433333333,33,33,956,0.9666329625884732
20260107_013720_583589,20260107_015235_178993,2026-01-07T01:37:20.583810Z,2026-01-07T01:52:35.179208Z,15.243256633333335,43,42,947,0.9575328614762386
20260107_015235_178993,20260107_020749_346173,2026-01-07T01:52:35.179208Z,2026-01-07T02:07:49.346427Z,15.236120316666668,39,38,952,0.9616161616161616
20260107_020749_346173,20260107_022301_270831,2026-01-07T02:07:49.346427Z,2026-01-07T02:23:01.271140Z,15.198745216666667,39,43,948,0.9566094853683148
20260107_022301_270831,20260107_023814_709146,2026-01-07T02:23:01.271140Z,2026-01-07T02:38:14.709412Z,15.2239712,39,38,949,0.961499493414387
20260107_023814_709146,20260107_025329_376636,2026-01-07T02:38:14.709412Z,2026-01-07T02:53:29.376853Z,15.244457350000001,27,27,961,0.9726720647773279
20260107_025329_376636,20260107_030841_546857,2026-01-07T02:53:29.376853Z,2026-01-07T03:08:41.547077Z,15.202837066666666,29,30,958,0.9696356275303644
20260107_030841_546857,20260107_032354_180067,2026-01-07T03:08:41.547077Z,2026-01-07T03:23:54.180272Z,15.21055325,39,38,949,0.961499493414387
20260107_032354_180067,20260107_033908_503653,2026-01-07T03:23:54.180272Z,2026-01-07T03:39:08.503908Z,15.238727266666666,47,50,938,0.9493927125506073
20260107_033908_503653,20260107_035421_185363,2026-01-07T03:39:08.503908Z,2026-01-07T03:54:21.185626Z,15.211361966666667,36,34,951,0.965482233502538
20260107_035421_185363,20260107_040934_167422,2026-01-07T03:54:21.185626Z,2026-01-07T04:09:34.167628Z,15.2163667,48,49,938,0.950354609929078
20260107_040934_167422,20260107_042448_381778,2026-01-07T04:09:34.167628Z,2026-01-07T04:24:48.382112Z,15.236908066666667,42,39,947,0.960446247464503
20260107_042448_381778,20260107_050425_173874,2026-01-07T04:24:48.382112Z,2026-01-07T05:04:25.174159Z,39.61320078333333,108,111,878,0.8877654196157735
20260107_050425_173874,20260107_051938_105577,2026-01-07T05:04:25.174159Z,2026-01-07T05:19:38.105832Z,15.215527883333333,41,38,948,0.9614604462474645
20260107_051938_105577,20260107_053451_060173,2026-01-07T05:19:38.105832Z,2026-01-07T05:34:51.060394Z,15.215909366666667,41,41,948,0.9585439838220424
20260107_053451_060173,20260107_055003_350534,2026-01-07T05:34:51.060394Z,2026-01-07T05:50:03.350680Z,15.2048381,35,35,954,0.9646107178968655
20260107_055003_350534,20260107_060516_340261,2026-01-07T05:50:03.350680Z,2026-01-07T06:05:16.340464Z,15.2164964,40,39,950,0.9605662285136501
20260107_060516_340261,20260107_062028_777367,2026-01-07T06:05:16.340464Z,2026-01-07T06:20:28.777585Z,15.207285350000001,39,38,952,0.9616161616161616
20260107_062028_777367,20260107_063542_106981,2026-01-07T06:20:28.777585Z,2026-01-07T06:35:42.107270Z,15.222161416666667,31,31,960,0.9687184661957619
20260107_063542_106981,20260107_065054_408865,2026-01-07T06:35:42.107270Z,2026-01-07T06:50:54.409121Z,15.205030850000002,38,38,953,0.9616548940464178
20260107_065054_408865,20260107_070608_641659,2026-01-07T06:50:54.409121Z,2026-01-07T07:06:08.641879Z,15.237212633333334,41,41,950,0.958627648839556
20260107_070608_641659,20260107_072121_635907,2026-01-07T07:06:08.641879Z,2026-01-07T07:21:21.636055Z,15.216569600000001,30,32,959,0.9677093844601413
20260107_072121_635907,20260107_073633_976349,2026-01-07T07:21:21.636055Z,2026-01-07T07:36:33.976643Z,15.205676466666667,34,32,957,0.967644084934277
20260107_073633_976349,20260107_075146_016726,2026-01-07T07:36:33.976643Z,2026-01-07T07:51:46.017109Z,15.200674433333335,35,35,956,0.9646821392532795
20260107_075146_016726,20260107_080658_369211,2026-01-07T07:51:46.017109Z,2026-01-07T08:06:58.369362Z,15.205870883333334,29,30,961,0.9697275479313825
20260107_080658_369211,20260107_082211_431761,2026-01-07T08:06:58.369362Z,2026-01-07T08:22:11.432527Z,15.217719416666666,51,49,941,0.9505050505050505
20260107_082211_431761,20260107_083723_109318,2026-01-07T08:22:11.432527Z,2026-01-07T08:37:23.110540Z,15.194633549999999,32,32,960,0.967741935483871
20260107_083723_109318,20260107_085235_308967,2026-01-07T08:37:23.110540Z,2026-01-07T08:52:35.309135Z,15.203309916666665,31,31,961,0.96875
20260107_085235_308967,20260107_090747_764685,2026-01-07T08:52:35.309135Z,2026-01-07T09:07:47.764962Z,15.207597116666667,38,40,952,0.9596774193548387
20260107_090747_764685,20260107_092301_233593,2026-01-07T09:07:47.764962Z,2026-01-07T09:23:01.233851Z,15.224481483333333,29,29,961,0.9707070707070707
20260107_092301_233593,20260107_093814_879394,2026-01-07T09:23:01.233851Z,2026-01-07T09:38:14.879571Z,15.227428666666667,23,20,970,0.9797979797979798
20260107_093814_879394,20260107_095327_639753,2026-01-07T09:38:14.879571Z,2026-01-07T09:53:27.639966Z,15.21267325,21,19,974,0.9808660624370594
20260107_095327_639753,20260107_100840_193918,2026-01-07T09:53:27.639966Z,2026-01-07T10:08:40.194293Z,15.209238783333332,34,36,959,0.963819095477387
20260107_100840_193918,20260107_102353_081871,2026-01-07T10:08:40.194293Z,2026-01-07T10:23:53.082171Z,15.214797966666668,41,41,952,0.9587109768378651
20260107_102353_081871,20260107_103905_872763,2026-01-07T10:23:53.082171Z,2026-01-07T10:39:05.873048Z,15.213181283333334,22,21,972,0.9788519637462235
20260107_103905_872763,20260107_105419_477621,2026-01-07T10:39:05.873048Z,2026-01-07T10:54:19.477808Z,15.226746,29,30,964,0.9698189134808853
20260107_105419_477621,20260107_110931_513836,2026-01-07T10:54:19.477808Z,2026-01-07T11:09:31.514038Z,15.200603833333334,24,25,968,0.9748237663645518
20260107_110931_513836,20260107_113957_202685,2026-01-07T11:09:31.514038Z,2026-01-07T11:39:57.202979Z,30.42814901666667,59,58,934,0.9415322580645161
20260107_113957_202685,20260107_115510_558978,2026-01-07T11:39:57.202979Z,2026-01-07T11:55:10.559193Z,15.222603566666667,30,31,962,0.9687814702920443
20260107_115510_558978,20260107_121022_890994,2026-01-07T11:55:10.559193Z,2026-01-07T12:10:22.891325Z,15.205535533333334,37,38,954,0.9616935483870968
20260107_121022_890994,20260107_122535_586066,2026-01-07T12:10:22.891325Z,2026-01-07T12:25:35.586257Z,15.2115822,32,31,960,0.9687184661957619
20260107_122535_586066,20260107_124048_054894,2026-01-07T12:25:35.586257Z,2026-01-07T12:40:48.055164Z,15.207815116666666,31,31,961,0.96875
20260107_124048_054894,20260107_125601_035612,2026-01-07T12:40:48.055164Z,2026-01-07T12:56:01.035829Z,15.216344416666667,37,36,956,0.9637096774193549
20260107_125601_035612,20260107_131115_083650,2026-01-07T12:56:01.035829Z,2026-01-07T13:11:15.083951Z,15.234135366666667,41,40,953,0.959718026183283
20260107_131115_083650,20260107_132627_879014,2026-01-07T13:11:15.083951Z,2026-01-07T13:26:27.879270Z,15.213255316666666,36,37,957,0.9627766599597586
20260107_132627_879014,20260107_134141_304781,2026-01-07T13:26:27.879270Z,2026-01-07T13:41:41.305121Z,15.223764183333333,49,47,946,0.9526686807653575
20260107_134141_304781,20260107_135653_893086,2026-01-07T13:41:41.305121Z,2026-01-07T13:56:53.893413Z,15.209804866666667,32,33,962,0.9668341708542714
20260107_135653_893086,20260107_141206_965184,2026-01-07T13:56:53.893413Z,2026-01-07T14:12:06.965522Z,15.217868483333332,45,45,949,0.954728370221328
20260107_141206_965184,20260107_142720_649631,2026-01-07T14:12:06.965522Z,2026-01-07T14:27:20.649872Z,15.2280725,37,37,957,0.9627766599597586
20260107_142720_649631,20260107_144234_899296,2026-01-07T14:27:20.649872Z,2026-01-07T14:42:34.899593Z,15.23749535,43,44,950,0.9557344064386318
20260107_144234_899296,20260107_145747_972845,2026-01-07T14:42:34.899593Z,2026-01-07T14:57:47.973099Z,15.217891766666666,58,57,936,0.9425981873111783
20260107_145747_972845,20260107_151301_295452,2026-01-07T14:57:47.973099Z,2026-01-07T15:13:01.295733Z,15.2220439,37,39,955,0.9607645875251509
20260107_151301_295452,20260107_152814_240900,2026-01-07T15:13:01.295733Z,2026-01-07T15:28:14.241152Z,15.215756983333334,42,42,950,0.9576612903225806
20260107_152814_240900,20260107_154328_170960,2026-01-07T15:28:14.241152Z,2026-01-07T15:43:28.171555Z,15.232173383333333,44,44,948,0.9556451612903226
20260107_154328_170960,20260107_155845_909284,2026-01-07T15:43:28.171555Z,2026-01-07T15:58:45.910105Z,15.295642500000001,43,39,953,0.9606854838709677
20260107_155845_909284,20260107_161358_924989,2026-01-07T15:58:45.910105Z,2026-01-07T16:13:58.925894Z,15.216929816666667,50,50,946,0.9497991967871486
20260107_161358_924989,20260107_162911_908272,2026-01-07T16:13:58.925894Z,2026-01-07T16:29:11.908810Z,15.216381933333334,52,52,944,0.9477911646586346
20260107_162911_908272,20260107_164425_954332,2026-01-07T16:29:11.908810Z,2026-01-07T16:44:25.954916Z,15.234101766666667,32,34,962,0.9658634538152611
20260107_164425_954332,20260107_170004_266420,2026-01-07T16:44:25.954916Z,2026-01-07T17:00:04.266856Z,15.638532333333334,56,53,941,0.9466800804828974
20260107_170004_266420,20260107_171639_215239,2026-01-07T17:00:04.266856Z,2026-01-07T17:16:39.215525Z,16.582477816666668,40,44,953,0.9558676028084253
20260107_171639_215239,20260107_173219_101033,2026-01-07T17:16:39.215525Z,2026-01-07T17:32:19.101304Z,15.664762983333333,53,51,942,0.9486404833836858
20260107_173219_101033,20260107_174757_525808,2026-01-07T17:32:19.101304Z,2026-01-07T17:47:57.526398Z,15.640418233333332,46,45,950,0.9547738693467337
20260107_174757_525808,20260107_180337_620787,2026-01-07T17:47:57.526398Z,2026-01-07T18:03:37.621401Z,15.668250050000001,51,52,944,0.9477911646586346
20260107_180337_620787,20260107_181917_470824,2026-01-07T18:03:37.621401Z,2026-01-07T18:19:17.471665Z,15.664171066666666,36,38,957,0.9618090452261306
20260107_181917_470824,20260107_183505_548857,2026-01-07T18:19:17.471665Z,2026-01-07T18:35:05.549968Z,15.80130505,33,32,961,0.9677744209466264
20260107_183505_548857,20260107_185045_635406,2026-01-07T18:35:05.549968Z,2026-01-07T18:50:45.635546Z,15.668092966666668,31,32,962,0.9678068410462777
20260107_185045_635406,20260107_190636_175025,2026-01-07T18:50:45.635546Z,2026-01-07T19:06:36.175389Z,15.842330716666668,43,44,949,0.9556898288016112
20260107_190636_175025,20260107_192220_653851,2026-01-07T19:06:36.175389Z,2026-01-07T19:22:20.654174Z,15.741313083333333,28,25,967,0.9747983870967742
20260107_192220_653851,20260107_193805_737416,2026-01-07T19:22:20.654174Z,2026-01-07T19:38:05.737820Z,15.7513941,30,32,963,0.9678391959798995
20260107_193805_737416,20260107_195345_185623,2026-01-07T19:38:05.737820Z,2026-01-07T19:53:45.186052Z,15.657470533333333,37,35,958,0.9647532729103726
20260107_195345_185623,20260107_200930_471036,2026-01-07T19:53:45.186052Z,2026-01-07T20:09:30.471297Z,15.754754083333333,31,32,963,0.9678391959798995
20260107_200930_471036,20260107_202557_541635,2026-01-07T20:09:30.471297Z,2026-01-07T20:25:57.542070Z,16.45117955,33,36,958,0.9637826961770624
20260107_202557_541635,20260107_204141_588432,2026-01-07T20:25:57.542070Z,2026-01-07T20:41:41.589383Z,15.734121883333334,31,27,964,0.9727547931382442
20260107_204141_588432,20260107_205721_580906,2026-01-07T20:41:41.589383Z,2026-01-07T20:57:21.581191Z,15.666530133333334,34,35,960,0.964824120603015
20260107_205721_580906,20260107_211306_878714,2026-01-07T20:57:21.581191Z,2026-01-07T21:13:06.878965Z,15.7549629,40,40,954,0.959758551307847
20260107_211306_878714,20260107_212853_992766,2026-01-07T21:13:06.878965Z,2026-01-07T21:28:53.993106Z,15.785235683333333,36,37,957,0.9627766599597586
20260107_212853_992766,20260107_214440_934276,2026-01-07T21:28:53.993106Z,2026-01-07T21:44:40.934537Z,15.782357183333334,24,26,967,0.973816717019134
20260107_214440_934276,20260107_220023_898159,2026-01-07T21:44:40.934537Z,2026-01-07T22:00:23.898367Z,15.716063833333333,50,49,942,0.9505549949545913
20260107_220023_898159,20260107_221657_925291,2026-01-07T22:00:23.898367Z,2026-01-07T22:16:57.926248Z,16.56713135,49,50,942,0.9495967741935484
20260107_221657_925291,20260107_223243_355508,2026-01-07T22:16:57.926248Z,2026-01-07T22:32:43.356392Z,15.757169066666668,43,44,947,0.9556004036326943
20260107_223243_355508,20260107_224832_174651,2026-01-07T22:32:43.356392Z,2026-01-07T22:48:32.175158Z,15.8136461,32,33,957,0.9666666666666667
20260107_224832_174651,20260107_230444_064164,2026-01-07T22:48:32.175158Z,2026-01-07T23:04:44.065556Z,16.1981733,43,42,947,0.9575328614762386
20260107_230444_064164,20260107_232053_957001,2026-01-07T23:04:44.065556Z,2026-01-07T23:20:53.957703Z,16.16486911666667,26,26,964,0.9737373737373738
20260107_232053_957001,20260107_233801_420148,2026-01-07T23:20:53.957703Z,2026-01-07T23:38:01.420291Z,17.124376466666668,39,39,951,0.9606060606060606
20260107_233801_420148,20260107_235404_258690,2026-01-07T23:38:01.420291Z,2026-01-07T23:54:04.259407Z,16.0473186,30,30,960,0.9696969696969697
20260107_235404_258690,20260108_001013_468500,2026-01-07T23:54:04.259407Z,2026-01-08T00:10:13.468690Z,16.15348805,33,33,957,0.9666666666666667
20260108_001013_468500,20260108_002732_874484,2026-01-08T00:10:13.468690Z,2026-01-08T00:27:32.874760Z,17.3234345,43,44,946,0.9555555555555556
20260108_002732_874484,20260108_004315_996006,2026-01-08T00:27:32.874760Z,2026-01-08T00:43:15.996180Z,15.718690333333333,40,39,950,0.9605662285136501
20260108_004315_996006,20260108_005854_702126,2026-01-08T00:43:15.996180Z,2026-01-08T00:58:54.702318Z,15.6451023,46,46,944,0.9535353535353536
20260108_005854_702126,20260108_011433_633005,2026-01-08T00:58:54.702318Z,2026-01-08T01:14:33.633266Z,15.648849133333332,48,48,942,0.9515151515151515
20260108_011433_633005,20260108_013011_040134,2026-01-08T01:14:33.633266Z,2026-01-08T01:30:11.040284Z,15.6234503,48,47,943,0.9525252525252526
20260108_013011_040134,20260108_014629_564626,2026-01-08T01:30:11.040284Z,2026-01-08T01:46:29.564852Z,16.3087428,51,53,938,0.9465186680121089
20260108_014629_564626,20260108_020208_035530,2026-01-08T01:46:29.564852Z,2026-01-08T02:02:08.035910Z,15.641184299999999,33,32,957,0.967644084934277
20260108_020208_035530,20260108_021747_647144,2026-01-08T02:02:08.035910Z,2026-01-08T02:17:47.647293Z,15.660189716666668,39,38,952,0.9616161616161616
20260108_021747_647144,20260108_023334_797770,2026-01-08T02:17:47.647293Z,2026-01-08T02:33:34.798322Z,15.785850483333332,40,43,948,0.9566094853683148
20260108_023334_797770,20260108_024909_892348,2026-01-08T02:33:34.798322Z,2026-01-08T02:49:09.892699Z,15.584906283333334,52,49,939,0.9504048582995951
20260108_024909_892348,20260108_030454_606004,2026-01-08T02:49:09.892699Z,2026-01-08T03:04:54.606295Z,15.7452266,41,42,949,0.9576185671039354
20260108_030454_606004,20260108_032042_227029,2026-01-08T03:04:54.606295Z,2026-01-08T03:20:42.227251Z,15.7936826,43,43,947,0.9565656565656566
20260108_032042_227029,20260108_033628_157076,2026-01-08T03:20:42.227251Z,2026-01-08T03:36:28.157435Z,15.765503066666668,59,59,931,0.9404040404040404
20260108_033628_157076,20260108_035212_414656,2026-01-08T03:36:28.157435Z,2026-01-08T03:52:12.414947Z,15.7376252,51,51,939,0.9484848484848485
20260108_035212_414656,20260108_040753_569875,2026-01-08T03:52:12.414947Z,2026-01-08T04:07:53.570143Z,15.685919933333334,38,40,950,0.9595959595959596
20260108_040753_569875,20260108_042341_622856,2026-01-08T04:07:53.570143Z,2026-01-08T04:23:41.623113Z,15.800882833333333,32,34,954,0.9655870445344129
20260108_042341_622856,20260108_043919_625355,2026-01-08T04:23:41.623113Z,2026-01-08T04:39:19.625904Z,15.63337985,37,36,950,0.9634888438133874
20260108_043919_625355,20260108_045508_908065,2026-01-08T04:39:19.625904Z,2026-01-08T04:55:08.908271Z,15.821372783333334,35,32,955,0.9675785207700102
20260108_045508_908065,20260108_052606_934207,2026-01-08T04:55:08.908271Z,2026-01-08T05:26:06.934507Z,30.96710393333333,76,79,911,0.9202020202020202
20260108_052606_934207,20260108_130711_026119,2026-01-08T05:26:06.934507Z,2026-01-08T13:07:11.026950Z,461.06820738333334,873,872,115,0.11651469098277609
20260108_130711_026119,20260108_132600_156181,2026-01-08T13:07:11.026950Z,2026-01-08T13:26:00.156726Z,18.8188296,43,44,944,0.9554655870445344
20260108_132600_156181,20260108_132624_874363,2026-01-08T13:26:00.156726Z,2026-01-08T13:26:24.874937Z,0.41197018333333335,1,1,986,0.9989868287740629
20260108_132624_874363,20260108_134138_225208,2026-01-08T13:26:24.874937Z,2026-01-08T13:41:38.225749Z,15.222513533333334,35,35,952,0.9645390070921985
20260108_134138_225208,20260108_135650_937129,2026-01-08T13:41:38.225749Z,2026-01-08T13:56:50.937325Z,15.2118596,31,31,956,0.9685916919959473
20260108_135650_937129,20260108_141206_236826,2026-01-08T13:56:50.937325Z,2026-01-08T14:12:06.236991Z,15.254994433333334,59,60,927,0.939209726443769
20260108_141206_236826,20260108_142718_894830,2026-01-08T14:12:06.236991Z,2026-01-08T14:27:18.894981Z,15.210966500000001,41,41,945,0.9584178498985801
20260108_142718_894830,20260108_144233_696719,2026-01-08T14:27:18.894981Z,2026-01-08T14:42:33.696937Z,15.246699266666667,31,29,957,0.9705882352941176
20260108_144233_696719,20260108_145746_585861,2026-01-08T14:42:33.696937Z,2026-01-08T14:57:46.586043Z,15.214818433333333,46,48,940,0.951417004048583
20260108_145746_585861,20260108_145836_170798,2026-01-08T14:57:46.586043Z,2026-01-08T14:58:36.170916Z,0.8264145500000001,5,4,982,0.9959432048681541
20260108_145836_170798,20260108_151348_919606,2026-01-08T14:58:36.170916Z,2026-01-08T15:13:48.919854Z,15.2124823,28,27,960,0.9726443768996961
20260108_151348_919606,20260108_152902_557500,2026-01-08T15:13:48.919854Z,2026-01-08T15:29:02.557737Z,15.22729805,33,33,955,0.9665991902834008
20260108_152902_557500,20260108_154416_302808,2026-01-08T15:29:02.557737Z,2026-01-08T15:44:16.303224Z,15.22909145,39,39,949,0.9605263157894737
20260108_154416_302808,20260108_155930_114824,2026-01-08T15:44:16.303224Z,2026-01-08T15:59:30.115153Z,15.230198816666666,55,58,930,0.9412955465587044
20260108_155930_114824,20260108_161443_786960,2026-01-08T15:59:30.115153Z,2026-01-08T16:14:43.787306Z,15.227869216666667,28,26,959,0.9736040609137055
20260108_161443_786960,20260108_162956_685495,2026-01-08T16:14:43.787306Z,2026-01-08T16:29:56.685633Z,15.214972116666667,37,35,952,0.9645390070921985
20260108_162956_685495,20260108_164510_414478,2026-01-08T16:29:56.685633Z,2026-01-08T16:45:10.414907Z,15.228821233333333,38,39,950,0.9605662285136501
20260108_164510_414478,20260108_170025_295571,2026-01-08T16:45:10.414907Z,2026-01-08T17:00:25.295780Z,15.248014549999999,36,36,952,0.9635627530364372
20260108_170025_295571,20260108_171538_924956,2026-01-08T17:00:25.295780Z,2026-01-08T17:15:38.925474Z,15.227161566666666,50,53,935,0.9463562753036437
20260108_171538_924956,20260108_173052_889411,2026-01-08T17:15:38.925474Z,2026-01-08T17:30:52.889737Z,15.232737716666666,36,34,951,0.965482233502538
20260108_173052_889411,20260108_174605_533035,2026-01-08T17:30:52.889737Z,2026-01-08T17:46:05.533582Z,15.210730750000002,47,54,933,0.9452887537993921
20260108_174605_533035,20260108_180118_914089,2026-01-08T17:46:05.533582Z,2026-01-08T18:01:18.914810Z,15.223020466666666,58,52,928,0.9469387755102041
20260108_180118_914089,20260108_181633_037381,2026-01-08T18:01:18.914810Z,2026-01-08T18:16:33.037650Z,15.235380666666666,52,54,932,0.9452332657200812
20260108_181633_037381,20260108_183146_175274,2026-01-08T18:16:33.037650Z,2026-01-08T18:31:46.175541Z,15.218964849999999,49,46,938,0.9532520325203252
20260108_183146_175274,20260108_184659_786669,2026-01-08T18:31:46.175541Z,2026-01-08T18:46:59.786873Z,15.226855533333332,46,47,940,0.9523809523809523
20260108_184659_786669,20260108_190212_404314,2026-01-08T18:46:59.786873Z,2026-01-08T19:02:12.404725Z,15.210297533333334,50,51,935,0.9482758620689655
20260108_190212_404314,20260108_191725_575328,2026-01-08T19:02:12.404725Z,2026-01-08T19:17:25.575705Z,15.219516333333333,72,66,919,0.932994923857868
20260108_191725_575328,20260108_193238_487197,2026-01-08T19:17:25.575705Z,2026-01-08T19:32:38.487968Z,15.215204383333335,54,54,937,0.9455095862764884
20260108_193238_487197,20260108_194751_842369,2026-01-08T19:32:38.487968Z,2026-01-08T19:47:51.842650Z,15.222578033333333,52,54,937,0.9455095862764884
20260108_194751_842369,20260108_200304_028219,2026-01-08T19:47:51.842650Z,2026-01-08T20:03:04.028474Z,15.203097066666666,44,44,945,0.9555106167846309
20260108_200304_028219,20260108_201816_151906,2026-01-08T20:03:04.028474Z,2026-01-08T20:18:16.152463Z,15.202066483333335,49,46,943,0.9534883720930233
20260108_201816_151906,20260108_203328_276341,2026-01-08T20:18:16.152463Z,2026-01-08T20:33:28.276891Z,15.202073799999999,51,50,942,0.9495967741935484
20260108_203328_276341,20260108_204841_317019,2026-01-08T20:33:28.276891Z,2026-01-08T20:48:41.317348Z,15.217340949999999,48,50,943,0.9496475327291037
20260108_204841_317019,20260108_210354_886957,2026-01-08T20:48:41.317348Z,2026-01-08T21:03:54.887185Z,15.22616395,50,49,942,0.9505549949545913
20260108_210354_886957,20260108_211911_581861,2026-01-08T21:03:54.887185Z,2026-01-08T21:19:11.582067Z,15.278248033333334,49,47,945,0.9526209677419355
20260108_211911_581861,20260108_213424_298174,2026-01-08T21:19:11.582067Z,2026-01-08T21:34:24.298663Z,15.211943266666667,43,48,946,0.9517102615694165
20260108_213424_298174,20260108_214937_893420,2026-01-08T21:34:24.298663Z,2026-01-08T21:49:37.893973Z,15.2265885,44,40,949,0.9595551061678463
20260108_214937_893420,20260108_220452_079936,2026-01-08T21:49:37.893973Z,2026-01-08T22:04:52.080134Z,15.236436016666666,46,47,946,0.9526686807653575
20260108_220452_079936,20260108_222005_149295,2026-01-08T22:04:52.080134Z,2026-01-08T22:20:05.149978Z,15.217830733333333,39,42,950,0.9576612903225806
20260108_222005_149295,20260108_223530_170842,2026-01-08T22:20:05.149978Z,2026-01-08T22:35:30.171126Z,15.417019133333334,44,41,948,0.9585439838220424
20260108_223530_170842,20260108_225042_274922,2026-01-08T22:35:30.171126Z,2026-01-08T22:50:42.275163Z,15.20173395,48,49,943,0.9506048387096774
20260108_225042_274922,20260108_230556_757098,2026-01-08T22:50:42.275163Z,2026-01-08T23:05:56.757478Z,15.241371916666667,48,48,943,0.9515640766902119
20260108_230556_757098,20260108_232109_596724,2026-01-08T23:05:56.757478Z,2026-01-08T23:21:09.599141Z,15.214027716666667,54,53,938,0.9465186680121089
20260108_232109_596724,20260108_233622_350399,2026-01-08T23:21:09.599141Z,2026-01-08T23:36:22.350912Z,15.212529516666667,43,43,949,0.9566532258064516
20260108_233622_350399,20260108_235135_568189,2026-01-08T23:36:22.350912Z,2026-01-08T23:51:35.568703Z,15.220296516666668,43,43,949,0.9566532258064516
20260108_235135_568189,20260109_000648_487489,2026-01-08T23:51:35.568703Z,2026-01-09T00:06:48.487875Z,15.215319533333334,34,33,959,0.9667338709677419
20260109_000648_487489,20260109_002204_561863,2026-01-09T00:06:48.487875Z,2026-01-09T00:22:04.562037Z,15.2679027,36,36,957,0.9637462235649547
20260109_002204_561863,20260109_003719_207942,2026-01-09T00:22:04.562037Z,2026-01-09T00:37:19.208206Z,15.244102816666667,29,28,965,0.9718026183282981
20260109_003719_207942,20260109_005234_664128,2026-01-09T00:37:19.208206Z,2026-01-09T00:52:34.664351Z,15.257602416666666,68,67,927,0.9325955734406438
20260109_005234_664128,20260109_010747_181045,2026-01-09T00:52:34.664351Z,2026-01-09T01:07:47.181313Z,15.208616033333334,27,27,968,0.9728643216080402
20260109_010747_181045,20260109_012301_109599,2026-01-09T01:07:47.181313Z,2026-01-09T01:23:01.110147Z,15.232147233333334,34,34,961,0.9658291457286432
20260109_012301_109599,20260109_013813_295216,2026-01-09T01:23:01.110147Z,2026-01-09T01:38:13.295457Z,15.2030885,46,47,948,0.9527638190954774
20260109_013813_295216,20260109_015326_137721,2026-01-09T01:38:13.295457Z,2026-01-09T01:53:26.137923Z,15.2140411,45,46,948,0.9537223340040242
20260109_015326_137721,20260109_020842_702681,2026-01-09T01:53:26.137923Z,2026-01-09T02:08:42.702937Z,15.276083566666667,47,48,945,0.9516616314199395
20260109_020842_702681,20260109_022401_530641,2026-01-09T02:08:42.702937Z,2026-01-09T02:24:01.530945Z,15.313800133333332,47,46,946,0.9536290322580645
20260109_022401_530641,20260109_023915_167494,2026-01-09T02:24:01.530945Z,2026-01-09T02:39:15.167793Z,15.227280799999999,37,37,956,0.9627391742195368
20260109_023915_167494,20260109_025427_938039,2026-01-09T02:39:15.167793Z,2026-01-09T02:54:27.938300Z,15.212841783333333,42,40,953,0.959718026183283
20260109_025427_938039,20260109_030945_392795,2026-01-09T02:54:27.938300Z,2026-01-09T03:09:45.393106Z,15.290913433333333,30,29,966,0.9708542713567839
20260109_030945_392795,20260109_032458_673019,2026-01-09T03:09:45.393106Z,2026-01-09T03:24:58.673405Z,15.221338316666667,36,37,959,0.9628514056224899
20260109_032458_673019,20260109_034011_009552,2026-01-09T03:24:58.673405Z,2026-01-09T03:40:11.009744Z,15.205605649999999,44,47,948,0.9527638190954774
20260109_034011_009552,20260109_035524_708791,2026-01-09T03:40:11.009744Z,2026-01-09T03:55:24.709313Z,15.22832615,33,34,958,0.9657258064516129
20260109_035524_708791,20260109_041040_967971,2026-01-09T03:55:24.709313Z,2026-01-09T04:10:40.968702Z,15.270989816666667,39,39,952,0.9606458123107972
20260109_041040_967971,20260109_042555_553136,2026-01-09T04:10:40.968702Z,2026-01-09T04:25:55.553696Z,15.243083233333333,47,43,948,0.9566094853683148
20260109_042555_553136,20260109_044112_166027,2026-01-09T04:25:55.553696Z,2026-01-09T04:41:12.166312Z,15.276876933333334,38,39,956,0.9608040201005025
20260109_044112_166027,20260109_045624_702092,2026-01-09T04:41:12.166312Z,2026-01-09T04:56:24.702461Z,15.208935816666667,22,20,974,0.9798792756539235
20260109_045624_702092,20260109_051139_401912,2026-01-09T04:56:24.702461Z,2026-01-09T05:11:39.402179Z,15.2449953,34,34,962,0.9658634538152611
20260109_051139_401912,20260109_052653_236983,2026-01-09T05:11:39.402179Z,2026-01-09T05:26:53.237317Z,15.230585633333334,36,35,961,0.964859437751004
20260109_052653_236983,20260109_054206_560272,2026-01-09T05:26:53.237317Z,2026-01-09T05:42:06.560594Z,15.222054616666666,30,31,966,0.9689067201604814
20260109_054206_560272,20260109_055719_519924,2026-01-09T05:42:06.560594Z,2026-01-09T05:57:19.520231Z,15.215993950000001,34,33,963,0.9668674698795181
20260109_055719_519924,20260109_061232_173911,2026-01-09T05:57:19.520231Z,2026-01-09T06:12:32.174193Z,15.210899366666666,24,24,973,0.9759277833500501
20260109_061232_173911,20260109_062744_864816,2026-01-09T06:12:32.174193Z,2026-01-09T06:27:44.865161Z,15.211516133333333,30,31,966,0.9689067201604814
20260109_062744_864816,20260109_064257_075181,2026-01-09T06:27:44.865161Z,2026-01-09T06:42:57.075466Z,15.203505083333333,26,25,971,0.9748995983935743
20260109_064257_075181,20260109_065809_792887,2026-01-09T06:42:57.075466Z,2026-01-09T06:58:09.793175Z,15.211961816666667,40,41,956,0.958876629889669
20260109_065809_792887,20260109_071321_389251,2026-01-09T06:58:09.793175Z,2026-01-09T07:13:21.389595Z,15.193273666666666,20,19,977,0.9809236947791165
20260109_071321_389251,20260109_072833_578461,2026-01-09T07:13:21.389595Z,2026-01-09T07:28:33.578708Z,15.203151883333334,30,30,967,0.9699097291875627
20260109_072833_578461,20260109_074345_723483,2026-01-09T07:28:33.578708Z,2026-01-09T07:43:45.723770Z,15.202417700000002,29,29,968,0.970912738214644
20260109_074345_723483,20260109_075858_080172,2026-01-09T07:43:45.723770Z,2026-01-09T07:58:58.080704Z,15.205948900000001,29,30,967,0.9699097291875627
20260109_075858_080172,20260109_081410_481389,2026-01-09T07:58:58.080704Z,2026-01-09T08:14:10.481755Z,15.206684183333333,23,24,972,0.9759036144578314
20260109_081410_481389,20260109_082923_090894,2026-01-09T08:14:10.481755Z,2026-01-09T08:29:23.091097Z,15.2101557,15,16,979,0.9839195979899498
20260109_082923_090894,20260109_084435_322995,2026-01-09T08:29:23.091097Z,2026-01-09T08:44:35.323371Z,15.203871233333333,34,32,962,0.9678068410462777
20260109_084435_322995,20260109_085947_228102,2026-01-09T08:44:35.323371Z,2026-01-09T08:59:47.228368Z,15.198416616666666,28,28,968,0.9718875502008032
20260109_085947_228102,20260109_091500_385457,2026-01-09T08:59:47.228368Z,2026-01-09T09:15:00.385775Z,15.219290116666667,37,39,957,0.9608433734939759
20260109_091500_385457,20260109_093013_193617,2026-01-09T09:15:00.385775Z,2026-01-09T09:30:13.193826Z,15.213467516666666,33,33,961,0.9668008048289738
20260109_093013_193617,20260109_094527_317046,2026-01-09T09:30:13.193826Z,2026-01-09T09:45:27.317222Z,15.235389933333332,29,28,966,0.971830985915493
20260109_094527_317046,20260109_100040_066535,2026-01-09T09:45:27.317222Z,2026-01-09T10:00:40.066780Z,15.212492633333333,25,24,971,0.9758793969849247
20260109_100040_066535,20260109_101552_705739,2026-01-09T10:00:40.066780Z,2026-01-09T10:15:52.706074Z,15.2106549,28,28,968,0.9718875502008032
20260109_101552_705739,20260109_103105_759947,2026-01-09T10:15:52.706074Z,2026-01-09T10:31:05.760370Z,15.217571600000001,38,37,959,0.9628514056224899
20260109_103105_759947,20260109_104618_213622,2026-01-09T10:31:05.760370Z,2026-01-09T10:46:18.213833Z,15.207557716666667,37,37,960,0.9628886659979939
20260109_104618_213622,20260109_110129_938115,2026-01-09T10:46:18.213833Z,2026-01-09T11:01:29.938295Z,15.1954077,29,30,967,0.9699097291875627
20260109_110129_938115,20260109_111642_610457,2026-01-09T11:01:29.938295Z,2026-01-09T11:16:42.610980Z,15.211211416666666,25,26,970,0.9738955823293173
20260109_111642_610457,20260109_113157_138613,2026-01-09T11:16:42.610980Z,2026-01-09T11:31:57.138974Z,15.242133233333334,22,21,974,0.978894472361809
20260109_113157_138613,20260109_114711_069766,2026-01-09T11:31:57.138974Z,2026-01-09T11:47:11.070158Z,15.2321864,30,29,967,0.9708835341365462
20260109_114711_069766,20260109_120223_135412,2026-01-09T11:47:11.070158Z,2026-01-09T12:02:23.135663Z,15.20109175,42,42,955,0.9578736208625878
20260109_120223_135412,20260109_121736_821086,2026-01-09T12:02:23.135663Z,2026-01-09T12:17:36.821339Z,15.228094599999999,36,36,961,0.9638916750250752
20260109_121736_821086,20260109_123250_794695,2026-01-09T12:17:36.821339Z,2026-01-09T12:32:50.794973Z,15.232893899999999,49,48,949,0.9518555667001003
20260109_123250_794695,20260109_124803_874601,2026-01-09T12:32:50.794973Z,2026-01-09T12:48:03.874912Z,15.217998983333333,40,41,957,0.9589178356713427
20260109_124803_874601,20260109_130316_868421,2026-01-09T12:48:03.874912Z,2026-01-09T13:03:16.868681Z,15.216562816666668,35,35,962,0.9648946840521565
20260109_130316_868421,20260109_131830_694120,2026-01-09T13:03:16.868681Z,2026-01-09T13:18:30.694371Z,15.230428166666666,39,39,958,0.9608826479438315
20260109_131830_694120,20260109_133343_892288,2026-01-09T13:18:30.694371Z,2026-01-09T13:33:43.892674Z,15.219971716666667,39,40,957,0.9598796389167502
20260109_133343_892288,20260109_134857_964794,2026-01-09T13:33:43.892674Z,2026-01-09T13:48:57.965097Z,15.234540383333332,34,33,963,0.9668674698795181
20260109_134857_964794,20260109_140409_564847,2026-01-09T13:48:57.965097Z,2026-01-09T14:04:09.565102Z,15.193333416666666,41,42,955,0.9578736208625878
20260109_140409_564847,20260109_141921_691067,2026-01-09T14:04:09.565102Z,2026-01-09T14:19:21.691304Z,15.202103366666668,32,32,964,0.9678714859437751
20260109_141921_691067,20260109_143433_967336,2026-01-09T14:19:21.691304Z,2026-01-09T14:34:33.967804Z,15.204608333333335,42,42,954,0.9578313253012049
20260109_143433_967336,20260109_144945_856268,2026-01-09T14:34:33.967804Z,2026-01-09T14:49:45.856445Z,15.198144016666667,46,47,949,0.9528112449799196
20260109_144945_856268,20260109_150459_158880,2026-01-09T14:49:45.856445Z,2026-01-09T15:04:59.159123Z,15.2217113,42,43,952,0.9567839195979899
20260109_150459_158880,20260109_152011_972986,2026-01-09T15:04:59.159123Z,2026-01-09T15:20:11.973134Z,15.213566850000001,44,45,949,0.954728370221328
20260109_152011_972986,20260109_153525_168024,2026-01-09T15:20:11.973134Z,2026-01-09T15:35:25.168273Z,15.219918983333335,42,42,951,0.9577039274924471
20260109_153525_168024,20260109_155037_706951,2026-01-09T15:35:25.168273Z,2026-01-09T15:50:37.707241Z,15.2089828,32,33,960,0.9667673716012085
20260109_155037_706951,20260109_160551_289101,2026-01-09T15:50:37.707241Z,2026-01-09T16:05:51.289463Z,15.226370366666666,38,39,953,0.9606854838709677
20260109_160551_289101,20260109_162103_352641,2026-01-09T16:05:51.289463Z,2026-01-09T16:21:03.352929Z,15.201057766666667,48,45,946,0.9545913218970736
20260109_162103_352641,20260109_163617_535759,2026-01-09T16:21:03.352929Z,2026-01-09T16:36:17.536047Z,15.2363853,46,49,945,0.9507042253521126
20260109_163617_535759,20260109_165131_156939,2026-01-09T16:36:17.536047Z,2026-01-09T16:51:31.157120Z,15.227017883333334,31,30,961,0.9697275479313825
20260109_165131_156939,20260109_170644_254406,2026-01-09T16:51:31.157120Z,2026-01-09T17:06:44.254774Z,15.218294233333333,51,50,942,0.9495967741935484
20260109_170644_254406,20260109_172157_880379,2026-01-09T17:06:44.254774Z,2026-01-09T17:21:57.881051Z,15.227104616666667,52,52,941,0.9476334340382678
20260109_172157_880379,20260109_173710_797022,2026-01-09T17:21:57.881051Z,2026-01-09T17:37:10.797320Z,15.215271150000001,48,48,945,0.9516616314199395
20260109_173710_797022,20260109_175223_998607,2026-01-09T17:37:10.797320Z,2026-01-09T17:52:23.999208Z,15.220031466666667,40,41,952,0.9587109768378651
20260109_175223_998607,20260109_180737_708886,2026-01-09T17:52:23.999208Z,2026-01-09T18:07:37.709132Z,15.228498733333334,48,48,944,0.9516129032258065
20260109_180737_708886,20260109_182251_812832,2026-01-09T18:07:37.709132Z,2026-01-09T18:22:51.813052Z,15.235065333333333,42,43,949,0.9566532258064516
20260109_182251_812832,20260109_183804_823790,2026-01-09T18:22:51.813052Z,2026-01-09T18:38:04.824155Z,15.216851716666667,44,44,947,0.9556004036326943
20260109_183804_823790,20260109_185318_587935,2026-01-09T18:38:04.824155Z,2026-01-09T18:53:18.588266Z,15.229401849999999,53,52,939,0.9475277497477296
20260109_185318_587935,20260109_190831_835687,2026-01-09T18:53:18.588266Z,2026-01-09T19:08:31.835989Z,15.220795383333332,48,49,943,0.9506048387096774
20260109_190831_835687,20260109_192344_631748,2026-01-09T19:08:31.835989Z,2026-01-09T19:23:44.632075Z,15.213268099999999,37,36,955,0.963673057517659
20260109_192344_631748,20260109_193857_566710,2026-01-09T19:23:44.632075Z,2026-01-09T19:38:57.567057Z,15.215583033333333,34,34,958,0.9657258064516129
20260109_193857_566710,20260109_195410_637361,2026-01-09T19:38:57.567057Z,2026-01-09T19:54:10.637589Z,15.2178422,36,36,956,0.9637096774193549
20260109_195410_637361,20260109_200923_059618,2026-01-09T19:54:10.637589Z,2026-01-09T20:09:23.060004Z,15.20704025,40,42,950,0.9576612903225806
20260109_200923_059618,20260109_202435_965525,2026-01-09T20:09:23.060004Z,2026-01-09T20:24:35.965712Z,15.215095133333334,42,43,947,0.9565656565656566
20260109_202435_965525,20260109_203949_832480,2026-01-09T20:24:35.965712Z,2026-01-09T20:39:49.832866Z,15.231119233333335,36,36,953,0.9635995955510617
20260109_203949_832480,20260109_205503_829294,2026-01-09T20:39:49.832866Z,2026-01-09T20:55:03.829437Z,15.233276183333334,42,42,947,0.9575328614762386
20260109_205503_829294,20260109_211016_630471,2026-01-09T20:55:03.829437Z,2026-01-09T21:10:16.630925Z,15.213358133333333,44,43,946,0.9565217391304348
20260109_211016_630471,20260109_212530_102114,2026-01-09T21:10:16.630925Z,2026-01-09T21:25:30.102410Z,15.22452475,52,52,938,0.9474747474747475
20260109_212530_102114,20260109_214043_725085,2026-01-09T21:25:30.102410Z,2026-01-09T21:40:43.725527Z,15.22705195,47,46,944,0.9535353535353536
20260109_214043_725085,20260109_215557_438119,2026-01-09T21:40:43.725527Z,2026-01-09T21:55:57.438457Z,15.228548833333333,45,46,945,0.9535822401614531
20260109_215557_438119,20260109_221111_157248,2026-01-09T21:55:57.438457Z,2026-01-09T22:11:11.157521Z,15.228651066666666,40,40,950,0.9595959595959596
20260109_221111_157248,20260109_222624_695735,2026-01-09T22:11:11.157521Z,2026-01-09T22:26:24.696213Z,15.225644866666666,43,42,948,0.9575757575757575
20260109_222624_695735,20260109_224137_832396,2026-01-09T22:26:24.696213Z,2026-01-09T22:41:37.832738Z,15.218942083333333,47,48,943,0.9515640766902119
20260109_224137_832396,20260109_225651_940629,2026-01-09T22:41:37.832738Z,2026-01-09T22:56:51.941026Z,15.235138133333333,38,37,953,0.9626262626262626
20260109_225651_940629,20260109_231205_618472,2026-01-09T22:56:51.941026Z,2026-01-09T23:12:05.619060Z,15.227967233333334,35,35,956,0.9646821392532795
20260109_231205_618472,20260109_232718_671571,2026-01-09T23:12:05.619060Z,2026-01-09T23:27:18.672132Z,15.2175512,38,36,955,0.963673057517659
20260109_232718_671571,20260109_234234_138842,2026-01-09T23:27:18.672132Z,2026-01-09T23:42:34.139221Z,15.257784816666666,41,43,950,0.9566968781470292
20260109_234234_138842,20260109_235748_749400,2026-01-09T23:42:34.139221Z,2026-01-09T23:57:48.749962Z,15.24351235,54,56,935,0.9434914228052472
20260109_235748_749400,20260110_001301_957503,2026-01-09T23:57:48.749962Z,2026-01-10T00:13:01.957664Z,15.220128366666668,42,41,948,0.9585439838220424
20260110_001301_957503,20260110_002817_426809,2026-01-10T00:13:01.957664Z,2026-01-10T00:28:17.427179Z,15.25782525,39,39,951,0.9606060606060606
20260110_002817_426809,20260110_004331_373463,2026-01-10T00:28:17.427179Z,2026-01-10T00:43:31.375071Z,15.232464866666668,31,33,957,0.9666666666666667
20260110_004331_373463,20260110_005845_247650,2026-01-10T00:43:31.375071Z,2026-01-10T00:58:45.247889Z,15.231213633333335,32,31,957,0.9686234817813765
20260110_005845_247650,20260110_011358_719814,2026-01-10T00:58:45.247889Z,2026-01-10T01:13:58.720140Z,15.224537516666667,39,41,948,0.9585439838220424
20260110_011358_719814,20260110_012912_799557,2026-01-10T01:13:58.720140Z,2026-01-10T01:29:12.799708Z,15.234659466666667,27,29,958,0.9706180344478217
20260110_012912_799557,20260110_014429_023217,2026-01-10T01:29:12.799708Z,2026-01-10T01:44:29.023814Z,15.270401766666668,33,32,953,0.9675126903553299
20260110_014429_023217,20260110_015942_086986,2026-01-10T01:44:29.023814Z,2026-01-10T01:59:42.087500Z,15.217728099999999,30,31,955,0.9685598377281948
20260110_015942_086986,20260110_021456_142750,2026-01-10T01:59:42.087500Z,2026-01-10T02:14:56.143653Z,15.234269216666666,36,36,949,0.9634517766497462
20260110_021456_142750,20260110_023013_211661,2026-01-10T02:14:56.143653Z,2026-01-10T02:30:13.212835Z,15.284486366666666,40,39,946,0.9604060913705583
20260110_023013_211661,20260110_024527_819434,2026-01-10T02:30:13.212835Z,2026-01-10T02:45:27.819801Z,15.243449433333334,51,53,933,0.9462474645030426
20260110_024527_819434,20260110_030045_194739,2026-01-10T02:45:27.819801Z,2026-01-10T03:00:45.195115Z,15.289588566666668,43,44,940,0.9552845528455285
20260110_030045_194739,20260110_031604_416619,2026-01-10T03:00:45.195115Z,2026-01-10T03:16:04.416968Z,15.320364216666666,41,39,944,0.960325534079349
20260110_031604_416619,20260110_033118_836060,2026-01-10T03:16:04.416968Z,2026-01-10T03:31:18.836528Z,15.240326000000001,39,39,946,0.9604060913705583
20260110_033118_836060,20260110_034633_324684,2026-01-10T03:31:18.836528Z,2026-01-10T03:46:33.325067Z,15.24147565,43,45,940,0.9543147208121827
20260110_034633_324684,20260110_040147_118935,2026-01-10T03:46:33.325067Z,2026-01-10T04:01:47.119107Z,15.229900666666667,40,36,947,0.9633774160732451
20260110_040147_118935,20260110_041700_363406,2026-01-10T04:01:47.119107Z,2026-01-10T04:17:00.363763Z,15.220744266666665,37,39,948,0.9604863221884499
20260110_041700_363406,20260110_043213_271295,2026-01-10T04:17:00.363763Z,2026-01-10T04:32:13.271543Z,15.215129666666666,33,34,951,0.965482233502538
20260110_043213_271295,20260110_044726_922306,2026-01-10T04:32:13.271543Z,2026-01-10T04:47:26.922657Z,15.227518566666667,35,37,947,0.9623983739837398
20260110_044726_922306,20260110_050239_758464,2026-01-10T04:47:26.922657Z,2026-01-10T05:02:39.759346Z,15.213944816666666,36,32,950,0.9674134419551935
20260110_050239_758464,20260110_051753_168691,2026-01-10T05:02:39.759346Z,2026-01-10T05:17:53.169006Z,15.223494333333333,39,40,946,0.9594320486815415
20260110_051753_168691,20260110_053305_699353,2026-01-10T05:17:53.169006Z,2026-01-10T05:33:05.700213Z,15.20885345,38,38,947,0.9614213197969543
20260110_053305_699353,20260110_054818_779110,2026-01-10T05:33:05.700213Z,2026-01-10T05:48:18.780058Z,15.217997416666666,43,39,946,0.9604060913705583
20260110_054818_779110,20260110_060331_580038,2026-01-10T05:48:18.780058Z,2026-01-10T06:03:31.581094Z,15.2133506,43,45,944,0.9544994944388271
20260110_060331_580038,20260110_061844_724378,2026-01-10T06:03:31.581094Z,2026-01-10T06:18:44.724764Z,15.219061166666668,37,36,951,0.9635258358662614
20260110_061844_724378,20260110_063357_390603,2026-01-10T06:18:44.724764Z,2026-01-10T06:33:57.390822Z,15.211100966666667,33,33,955,0.9665991902834008
20260110_063357_390603,20260110_064910_058015,2026-01-10T06:33:57.390822Z,2026-01-10T06:49:10.058420Z,15.211126633333333,39,41,947,0.958502024291498
20260110_064910_058015,20260110_070423_117400,2026-01-10T06:49:10.058420Z,2026-01-10T07:04:23.117734Z,15.217655233333334,32,32,954,0.9675456389452333
20260110_070423_117400,20260110_071936_390632,2026-01-10T07:04:23.117734Z,2026-01-10T07:19:36.390987Z,15.221220883333332,37,38,948,0.9614604462474645
20260110_071936_390632,20260110_073448_719577,2026-01-10T07:19:36.390987Z,2026-01-10T07:34:48.719982Z,15.205483249999999,31,28,957,0.9715736040609138
20260110_073448_719577,20260110_075001_132327,2026-01-10T07:34:48.719982Z,2026-01-10T07:50:01.133088Z,15.2068851,24,24,964,0.9757085020242915
20260110_075001_132327,20260110_080513_021546,2026-01-10T07:50:01.133088Z,2026-01-10T08:05:13.021799Z,15.198145183333333,39,37,951,0.9625506072874493
20260110_080513_021546,20260110_082025_138821,2026-01-10T08:05:13.021799Z,2026-01-10T08:20:25.139020Z,15.201953683333333,30,30,960,0.9696969696969697
20260110_082025_138821,20260110_083537_823444,2026-01-10T08:20:25.139020Z,2026-01-10T08:35:37.824136Z,15.2114186,30,32,958,0.9676767676767677
20260110_083537_823444,20260110_085049_221917,2026-01-10T08:35:37.824136Z,2026-01-10T08:50:49.222207Z,15.189967849999999,17,18,970,0.9817813765182186
20260110_085049_221917,20260110_090602_983405,2026-01-10T08:50:49.222207Z,2026-01-10T09:06:02.983748Z,15.229359016666667,30,28,959,0.9716312056737588
20260110_090602_983405,20260110_092115_567747,2026-01-10T09:06:02.983748Z,2026-01-10T09:21:15.568957Z,15.209753483333333,28,27,962,0.9726996966632963
20260110_092115_567747,20260110_093627_594736,2026-01-10T09:21:15.568957Z,2026-01-10T09:36:27.595595Z,15.200443966666667,28,28,962,0.9717171717171718
20260110_093627_594736,20260110_095140_502798,2026-01-10T09:36:27.595595Z,2026-01-10T09:51:40.503110Z,15.21512525,26,26,964,0.9737373737373738
20260110_095140_502798,20260110_100653_075639,2026-01-10T09:51:40.503110Z,2026-01-10T10:06:53.075765Z,15.20954425,24,22,968,0.9777777777777777
20260110_100653_075639,20260110_102206_621537,2026-01-10T10:06:53.075765Z,2026-01-10T10:22:06.621729Z,15.225766066666667,22,22,970,0.9778225806451613
20260110_102206_621537,20260110_103718_435315,2026-01-10T10:22:06.621729Z,2026-01-10T10:37:18.435627Z,15.196898299999999,31,30,962,0.969758064516129
20260110_103718_435315,20260110_105231_441900,2026-01-10T10:37:18.435627Z,2026-01-10T10:52:31.442140Z,15.216775216666667,16,17,976,0.9828801611278952
20260110_105231_441900,20260110_110743_486448,2026-01-10T10:52:31.442140Z,2026-01-10T11:07:43.486783Z,15.200744049999999,15,14,978,0.9858870967741935
20260110_110743_486448,20260110_112256_035716,2026-01-10T11:07:43.486783Z,2026-01-10T11:22:56.036027Z,15.209154066666667,18,20,973,0.9798590130916415
20260110_112256_035716,20260110_113810_168907,2026-01-10T11:22:56.036027Z,2026-01-10T11:38:10.169193Z,15.235552766666666,19,19,972,0.9808274470232089
20260110_113810_168907,20260110_115322_909119,2026-01-10T11:38:10.169193Z,2026-01-10T11:53:22.909416Z,15.21233705,22,20,971,0.9798183652875883
20260110_115322_909119,20260110_120835_813276,2026-01-10T11:53:22.909416Z,2026-01-10T12:08:35.813995Z,15.215076316666666,32,32,961,0.9677744209466264
20260110_120835_813276,20260110_122348_539579,2026-01-10T12:08:35.813995Z,2026-01-10T12:23:48.540051Z,15.212100933333334,20,21,972,0.9788519637462235
20260110_122348_539579,20260110_123900_738916,2026-01-10T12:23:48.540051Z,2026-01-10T12:39:00.739292Z,15.203320683333335,28,28,964,0.9717741935483871
20260110_123900_738916,20260110_125414_432932,2026-01-10T12:39:00.739292Z,2026-01-10T12:54:14.433483Z,15.228236516666668,31,31,961,0.96875
20260110_125414_432932,20260110_130928_694473,2026-01-10T12:54:14.433483Z,2026-01-10T13:09:28.694763Z,15.237688,34,36,956,0.9637096774193549
20260110_130928_694473,20260110_132441_357573,2026-01-10T13:09:28.694763Z,2026-01-10T13:24:41.357807Z,15.211050733333334,39,37,953,0.9626262626262626
20260110_132441_357573,20260110_133955_182637,2026-01-10T13:24:41.357807Z,2026-01-10T13:39:55.182974Z,15.23041945,41,43,949,0.9566532258064516
20260110_133955_182637,20260110_135508_451209,2026-01-10T13:39:55.182974Z,2026-01-10T13:55:08.451589Z,15.221143583333333,50,50,940,0.9494949494949495
20260110_135508_451209,20260110_141021_978260,2026-01-10T13:55:08.451589Z,2026-01-10T14:10:21.978529Z,15.225449,49,47,943,0.9525252525252526
20260110_141021_978260,20260110_142535_341217,2026-01-10T14:10:21.978529Z,2026-01-10T14:25:35.341523Z,15.222716566666666,57,59,933,0.9405241935483871
20260110_142535_341217,20260110_144049_388176,2026-01-10T14:25:35.341523Z,2026-01-10T14:40:49.388554Z,15.234117183333332,49,48,942,0.9515151515151515
20260110_144049_388176,20260110_145604_366368,2026-01-10T14:40:49.388554Z,2026-01-10T14:56:04.366822Z,15.249637799999999,51,50,941,0.9495459132189707
20260110_145604_366368,20260110_151118_181872,2026-01-10T14:56:04.366822Z,2026-01-10T15:11:18.182151Z,15.230255483333334,43,43,949,0.9566532258064516
20260110_151118_181872,20260110_152632_760572,2026-01-10T15:11:18.182151Z,2026-01-10T15:26:32.761579Z,15.242990466666667,51,53,939,0.9465725806451613
20260110_152632_760572,20260110_154146_527813,2026-01-10T15:26:32.761579Z,2026-01-10T15:41:46.528514Z,15.229448916666666,52,50,940,0.9494949494949495
20260110_154146_527813,20260110_155659_933600,2026-01-10T15:41:46.528514Z,2026-01-10T15:56:59.933938Z,15.223423733333334,30,30,962,0.969758064516129
20260110_155659_933600,20260110_161213_700897,2026-01-10T15:56:59.933938Z,2026-01-10T16:12:13.701500Z,15.229459366666667,39,40,952,0.9596774193548387
20260110_161213_700897,20260110_162728_996620,2026-01-10T16:12:13.701500Z,2026-01-10T16:27:28.997358Z,15.254930966666667,35,34,957,0.9656912209889001
20260110_162728_996620,20260110_164242_313271,2026-01-10T16:27:28.997358Z,2026-01-10T16:42:42.313740Z,15.2219397,46,45,947,0.9546370967741935
20260110_164242_313271,20260110_165757_136759,2026-01-10T16:42:42.313740Z,2026-01-10T16:57:57.137191Z,15.247057516666667,38,36,957,0.9637462235649547
20260110_165757_136759,20260110_171311_362077,2026-01-10T16:57:57.137191Z,2026-01-10T17:13:11.362407Z,15.237086933333334,34,35,960,0.964824120603015
20260110_171311_362077,20260110_172825_374888,2026-01-10T17:13:11.362407Z,2026-01-10T17:28:25.375241Z,15.233547233333333,33,34,960,0.96579476861167
20260110_172825_374888,20260110_174338_319242,2026-01-10T17:28:25.375241Z,2026-01-10T17:43:38.319461Z,15.215736999999999,47,47,946,0.9526686807653575
20260110_174338_319242,20260110_175852_213731,2026-01-10T17:43:38.319461Z,2026-01-10T17:58:52.214140Z,15.231577983333333,40,43,950,0.9566968781470292
20260110_175852_213731,20260110_181404_949680,2026-01-10T17:58:52.214140Z,2026-01-10T18:14:04.950545Z,15.212273416666667,50,50,940,0.9494949494949495
20260110_181404_949680,20260110_182917_383928,2026-01-10T18:14:04.950545Z,2026-01-10T18:29:17.384239Z,15.207228233333332,44,42,948,0.9575757575757575
20260110_182917_383928,20260110_184429_882640,2026-01-10T18:29:17.384239Z,2026-01-10T18:44:29.883019Z,15.208313,40,41,951,0.9586693548387096
20260110_184429_882640,20260110_185942_344282,2026-01-10T18:44:29.883019Z,2026-01-10T18:59:42.344456Z,15.207690616666667,38,39,952,0.9606458123107972
20260110_185942_344282,20260110_191455_867584,2026-01-10T18:59:42.344456Z,2026-01-10T19:14:55.867925Z,15.22539115,56,52,938,0.9474747474747475
20260110_191455_867584,20260110_193010_571707,2026-01-10T19:14:55.867925Z,2026-01-10T19:30:10.572288Z,15.245072716666666,39,40,954,0.959758551307847
20260110_193010_571707,20260110_194526_032482,2026-01-10T19:30:10.572288Z,2026-01-10T19:45:26.032656Z,15.2576728,51,50,943,0.9496475327291037
20260110_194526_032482,20260110_200039_965899,2026-01-10T19:45:26.032656Z,2026-01-10T20:00:39.966160Z,15.232225066666667,53,51,943,0.9486921529175051
20260110_200039_965899,20260110_201553_008164,2026-01-10T20:00:39.966160Z,2026-01-10T20:15:53.008498Z,15.2173723,46,45,951,0.9548192771084337
20260110_201553_008164,20260110_203107_244862,2026-01-10T20:15:53.008498Z,2026-01-10T20:31:07.245340Z,15.237280700000001,50,51,946,0.9488465396188566
20260110_203107_244862,20260110_204620_432892,2026-01-10T20:31:07.245340Z,2026-01-10T20:46:20.433196Z,15.2197976,42,42,954,0.9578313253012049
20260110_204620_432892,20260110_210134_633358,2026-01-10T20:46:20.433196Z,2026-01-10T21:01:34.633662Z,15.236674433333333,34,34,962,0.9658634538152611
20260110_210134_633358,20260110_211648_231515,2026-01-10T21:01:34.633662Z,2026-01-10T21:16:48.231825Z,15.22663605,37,35,961,0.964859437751004
20260110_211648_231515,20260110_213201_743199,2026-01-10T21:16:48.231825Z,2026-01-10T21:32:01.743860Z,15.225200583333333,41,41,957,0.9589178356713427
20260110_213201_743199,20260110_214715_342626,2026-01-10T21:32:01.743860Z,2026-01-10T21:47:15.343294Z,15.226657233333333,52,53,945,0.9468937875751503
20260110_214715_342626,20260110_220229_872734,2026-01-10T21:47:15.343294Z,2026-01-10T22:02:29.873156Z,15.242164366666666,44,46,951,0.9538615847542627
20260110_220229_872734,20260110_221743_804244,2026-01-10T22:02:29.873156Z,2026-01-10T22:17:43.804671Z,15.232191916666666,42,42,953,0.9577889447236181
20260110_221743_804244,20260110_223257_429606,2026-01-10T22:17:43.804671Z,2026-01-10T22:32:57.430284Z,15.227093550000001,50,53,942,0.9467336683417086
20260110_223257_429606,20260110_224810_937685,2026-01-10T22:32:57.430284Z,2026-01-10T22:48:10.938028Z,15.225129066666666,38,39,953,0.9606854838709677
20260110_224810_937685,20260110_230325_702173,2026-01-10T22:48:10.938028Z,2026-01-10T23:03:25.702523Z,15.246074916666666,28,27,964,0.9727547931382442
20260110_230325_702173,20260110_231839_463705,2026-01-10T23:03:25.702523Z,2026-01-10T23:18:39.464471Z,15.2293658,40,42,950,0.9576612903225806
20260110_231839_463705,20260110_233352_359519,2026-01-10T23:18:39.464471Z,2026-01-10T23:33:52.360085Z,15.2149269,39,39,951,0.9606060606060606
20260110_233352_359519,20260110_234907_898130,2026-01-10T23:33:52.360085Z,2026-01-10T23:49:07.898421Z,15.258972266666666,41,41,949,0.9585858585858585
20260110_234907_898130,20260111_000424_926102,2026-01-10T23:49:07.898421Z,2026-01-11T00:04:24.926829Z,15.2838068,36,36,954,0.9636363636363636
20260111_000424_926102,20260111_001938_180662,2026-01-11T00:04:24.926829Z,2026-01-11T00:19:38.180926Z,15.220901616666668,40,39,951,0.9606060606060606
20260111_001938_180662,20260111_003453_850098,2026-01-11T00:19:38.180926Z,2026-01-11T00:34:53.850390Z,15.261157733333333,44,45,946,0.9545913218970736
20260111_003453_850098,20260111_005013_409981,2026-01-11T00:34:53.850390Z,2026-01-11T00:50:13.410292Z,15.325998366666665,36,36,954,0.9636363636363636
20260111_005013_409981,20260111_010527_259709,2026-01-11T00:50:13.410292Z,2026-01-11T01:05:27.259906Z,15.2308269,38,38,952,0.9616161616161616
20260111_010527_259709,20260111_012040_524299,2026-01-11T01:05:27.259906Z,2026-01-11T01:20:40.524526Z,15.221077000000001,32,32,958,0.9676767676767677
20260111_012040_524299,20260111_013555_832418,2026-01-11T01:20:40.524526Z,2026-01-11T01:35:55.832739Z,15.255136883333334,50,51,939,0.9484848484848485
20260111_013555_832418,20260111_015111_767364,2026-01-11T01:35:55.832739Z,2026-01-11T01:51:11.767588Z,15.265580816666667,33,31,958,0.9686552072800809
20260111_015111_767364,20260111_020625_772771,2026-01-11T01:51:11.767588Z,2026-01-11T02:06:25.773013Z,15.233423749999998,49,50,941,0.9495459132189707
20260111_020625_772771,20260111_022144_917984,2026-01-11T02:06:25.773013Z,2026-01-11T02:21:44.918181Z,15.319086133333334,40,40,950,0.9595959595959596
20260111_022144_917984,20260111_023658_466311,2026-01-11T02:21:44.918181Z,2026-01-11T02:36:58.466522Z,15.225805683333334,34,37,953,0.9626262626262626
20260111_023658_466311,20260111_025211_802011,2026-01-11T02:36:58.466522Z,2026-01-11T02:52:11.802230Z,15.2222618,39,38,949,0.961499493414387
20260111_025211_802011,20260111_030725_244784,2026-01-11T02:52:11.802230Z,2026-01-11T03:07:25.245174Z,15.224049066666668,45,46,942,0.9534412955465587
20260111_030725_244784,20260111_032243_312892,2026-01-11T03:07:25.245174Z,2026-01-11T03:22:43.313335Z,15.301136016666668,40,40,947,0.9594731509625126
20260111_032243_312892,20260111_033759_470675,2026-01-11T03:22:43.313335Z,2026-01-11T03:37:59.471284Z,15.26929915,38,37,950,0.9625126646403243
20260111_033759_470675,20260111_035314_183395,2026-01-11T03:37:59.471284Z,2026-01-11T03:53:14.183651Z,15.245206116666667,40,41,947,0.958502024291498
20260111_035314_183395,20260111_040828_120023,2026-01-11T03:53:14.183651Z,2026-01-11T04:08:28.120305Z,15.232277566666665,50,50,937,0.9493414387031408
20260111_040828_120023,20260111_042342_100430,2026-01-11T04:08:28.120305Z,2026-01-11T04:23:42.100808Z,15.233008383333333,30,31,956,0.9685916919959473
20260111_042342_100430,20260111_043855_505942,2026-01-11T04:23:42.100808Z,2026-01-11T04:38:55.506389Z,15.22342635,50,47,939,0.9523326572008114
20260111_043855_505942,20260111_045408_701731,2026-01-11T04:38:55.506389Z,2026-01-11T04:54:08.702277Z,15.219931466666667,42,41,948,0.9585439838220424
20260111_045408_701731,20260111_050923_506423,2026-01-11T04:54:08.702277Z,2026-01-11T05:09:23.506694Z,15.246740283333333,37,37,953,0.9626262626262626
20260111_050923_506423,20260111_052436_081505,2026-01-11T05:09:23.506694Z,2026-01-11T05:24:36.081707Z,15.20958355,33,34,956,0.9656565656565657
20260111_052436_081505,20260111_053949_185479,2026-01-11T05:24:36.081707Z,2026-01-11T05:39:49.185786Z,15.218401316666666,23,22,967,0.9777553083923155
20260111_053949_185479,20260111_055500_831092,2026-01-11T05:39:49.185786Z,2026-01-11T05:55:00.831872Z,15.194101433333334,32,31,959,0.9686868686868687
20260111_055500_831092,20260111_061013_718162,2026-01-11T05:55:00.831872Z,2026-01-11T06:10:13.718341Z,15.214774483333334,34,31,960,0.9687184661957619
20260111_061013_718162,20260111_062526_670964,2026-01-11T06:10:13.718341Z,2026-01-11T06:25:26.671478Z,15.215885616666666,24,25,969,0.9748490945674044
20260111_062526_670964,20260111_064038_887677,2026-01-11T06:25:26.671478Z,2026-01-11T06:40:38.888028Z,15.203609166666666,23,23,970,0.9768378650553877
20260111_064038_887677,20260111_065552_660675,2026-01-11T06:40:38.888028Z,2026-01-11T06:55:52.661075Z,15.229550783333334,38,36,957,0.9637462235649547
20260111_065552_660675,20260111_071105_934105,2026-01-11T06:55:52.661075Z,2026-01-11T07:11:05.934838Z,15.221229383333334,25,26,969,0.9738693467336683
20260111_071105_934105,20260111_072620_665592,2026-01-11T07:11:05.934838Z,2026-01-11T07:26:20.665930Z,15.2455182,30,30,964,0.9698189134808853
20260111_072620_665592,20260111_074134_542761,2026-01-11T07:26:20.665930Z,2026-01-11T07:41:34.543016Z,15.231284766666667,23,24,970,0.9758551307847082
20260111_074134_542761,20260111_075648_171625,2026-01-11T07:41:34.543016Z,2026-01-11T07:56:48.172174Z,15.227152633333333,30,29,964,0.9707955689828801
20260111_075648_171625,20260111_081201_159955,2026-01-11T07:56:48.172174Z,2026-01-11T08:12:01.160197Z,15.21646705,24,24,970,0.9758551307847082
20260111_081201_159955,20260111_082713_339758,2026-01-11T08:12:01.160197Z,2026-01-11T08:27:13.339920Z,15.202995383333333,23,22,972,0.9778672032193159
20260111_082713_339758,20260111_084226_637814,2026-01-11T08:27:13.339920Z,2026-01-11T08:42:26.638172Z,15.221637533333334,21,21,974,0.978894472361809
20260111_084226_637814,20260111_085739_945077,2026-01-11T08:42:26.638172Z,2026-01-11T08:57:39.945478Z,15.221788433333334,21,22,973,0.9778894472361809
20260111_085739_945077,20260111_091252_371203,2026-01-11T08:57:39.945478Z,2026-01-11T09:12:52.371821Z,15.207105716666666,18,19,975,0.9808853118712274
20260111_091252_371203,20260111_092805_149278,2026-01-11T09:12:52.371821Z,2026-01-11T09:28:05.149645Z,15.212963733333334,24,22,971,0.9778449144008057
20260111_092805_149278,20260111_094317_034313,2026-01-11T09:28:05.149645Z,2026-01-11T09:43:17.034772Z,15.19808545,26,28,967,0.9718592964824121
20260111_094317_034313,20260111_095828_832261,2026-01-11T09:43:17.034772Z,2026-01-11T09:58:28.832623Z,15.19663085,34,34,959,0.9657603222557906
20260111_095828_832261,20260111_101341_250823,2026-01-11T09:58:28.832623Z,2026-01-11T10:13:41.251131Z,15.206975133333334,18,20,973,0.9798590130916415
20260111_101341_250823,20260111_102852_737193,2026-01-11T10:13:41.251131Z,2026-01-11T10:28:52.737474Z,15.191439050000001,29,26,965,0.9737638748738647
20260111_102852_737193,20260111_104404_754184,2026-01-11T10:28:52.737474Z,2026-01-11T10:44:04.754506Z,15.200283866666666,17,18,976,0.9818913480885312
20260111_104404_754184,20260111_105917_580530,2026-01-11T10:44:04.754506Z,2026-01-11T10:59:17.580989Z,15.213774716666668,30,29,964,0.9707955689828801
20260111_105917_580530,20260111_111430_897095,2026-01-11T10:59:17.580989Z,2026-01-11T11:14:30.897464Z,15.221941249999999,27,28,966,0.971830985915493
20260111_111430_897095,20260111_112943_118414,2026-01-11T11:14:30.897464Z,2026-01-11T11:29:43.118678Z,15.203686900000001,28,29,964,0.9707955689828801
20260111_112943_118414,20260111_114455_310248,2026-01-11T11:29:43.118678Z,2026-01-11T11:44:55.310430Z,15.203195866666666,25,24,968,0.9758064516129032
20260111_114455_310248,20260111_120007_335172,2026-01-11T11:44:55.310430Z,2026-01-11T12:00:07.335604Z,15.200419566666666,23,23,970,0.9768378650553877
20260111_120007_335172,20260111_121520_548637,2026-01-11T12:00:07.335604Z,2026-01-11T12:15:20.548969Z,15.22022275,33,33,960,0.9667673716012085
20260111_121520_548637,20260111_123033_331644,2026-01-11T12:15:20.548969Z,2026-01-11T12:30:33.331801Z,15.2130472,22,22,971,0.9778449144008057
20260111_123033_331644,20260111_124547_008784,2026-01-11T12:30:33.331801Z,2026-01-11T12:45:47.009001Z,15.227953333333334,29,29,964,0.9707955689828801
20260111_124547_008784,20260111_130059_112621,2026-01-11T12:45:47.009001Z,2026-01-11T13:00:59.113028Z,15.201733783333333,47,48,945,0.9516616314199395
20260111_130059_112621,20260111_131612_986967,2026-01-11T13:00:59.113028Z,2026-01-11T13:16:12.987263Z,15.23123725,28,28,964,0.9717741935483871
20260111_131612_986967,20260111_133126_124428,2026-01-11T13:16:12.987263Z,2026-01-11T13:31:26.124714Z,15.218957516666668,58,59,933,0.9405241935483871
20260111_133126_124428,20260111_134641_378469,2026-01-11T13:31:26.124714Z,2026-01-11T13:46:41.378758Z,15.254234066666667,44,44,947,0.9556004036326943
20260111_134641_378469,20260111_140154_884349,2026-01-11T13:46:41.378758Z,2026-01-11T14:01:54.884638Z,15.225098000000001,34,34,957,0.9656912209889001
20260111_140154_884349,20260111_141708_399156,2026-01-11T14:01:54.884638Z,2026-01-11T14:17:08.399834Z,15.225253266666666,40,41,950,0.958627648839556
20260111_141708_399156,20260111_143220_838759,2026-01-11T14:17:08.399834Z,2026-01-11T14:32:20.839214Z,15.207323,31,31,959,0.9686868686868687
20260111_143220_838759,20260111_144733_864415,2026-01-11T14:32:20.839214Z,2026-01-11T14:47:33.864888Z,15.217094566666667,41,41,949,0.9585858585858585
20260111_144733_864415,20260111_150246_111319,2026-01-11T14:47:33.864888Z,2026-01-11T15:02:46.111641Z,15.20411255,30,32,958,0.9676767676767677
20260111_150246_111319,20260111_151759_480716,2026-01-11T15:02:46.111641Z,2026-01-11T15:17:59.481034Z,15.222823216666665,44,43,945,0.9564777327935222
20260111_151759_480716,20260111_153312_415666,2026-01-11T15:17:59.481034Z,2026-01-11T15:33:12.416091Z,15.215584283333333,39,37,952,0.9625884732052579
20260111_153312_415666,20260111_154826_290239,2026-01-11T15:33:12.416091Z,2026-01-11T15:48:26.291365Z,15.231254566666667,43,46,945,0.9535822401614531
20260111_154826_290239,20260111_160339_470701,2026-01-11T15:48:26.291365Z,2026-01-11T16:03:39.471000Z,15.219660583333333,45,43,945,0.9564777327935222
20260111_160339_470701,20260111_161851_787903,2026-01-11T16:03:39.471000Z,2026-01-11T16:18:51.788244Z,15.2052874,49,48,942,0.9515151515151515
20260111_161851_787903,20260111_163405_501073,2026-01-11T16:18:51.788244Z,2026-01-11T16:34:05.501618Z,15.228556233333334,39,39,952,0.9606458123107972
20260111_163405_501073,20260111_164917_844591,2026-01-11T16:34:05.501618Z,2026-01-11T16:49:17.845277Z,15.20572765,53,55,936,0.9445005045408678
20260111_164917_844591,20260111_170430_604842,2026-01-11T16:49:17.845277Z,2026-01-11T17:04:30.605187Z,15.212665166666666,38,37,952,0.9625884732052579
20260111_170430_604842,20260111_171944_110153,2026-01-11T17:04:30.605187Z,2026-01-11T17:19:44.110410Z,15.22508705,49,48,942,0.9515151515151515
20260111_171944_110153,20260111_173456_165856,2026-01-11T17:19:44.110410Z,2026-01-11T17:34:56.166202Z,15.200929866666666,45,60,931,0.9394550958627649
20260111_173456_165856,20260111_175009_859917,2026-01-11T17:34:56.166202Z,2026-01-11T17:50:09.860389Z,15.22823645,39,23,953,0.9764344262295082
20260111_175009_859917,20260111_180522_870067,2026-01-11T17:50:09.860389Z,2026-01-11T18:05:22.871104Z,15.21684525,45,45,947,0.9546370967741935
20260111_180522_870067,20260111_182036_414777,2026-01-11T18:05:22.871104Z,2026-01-11T18:20:36.415399Z,15.225738250000001,45,46,946,0.9536290322580645
20260111_182036_414777,20260111_183549_896169,2026-01-11T18:20:36.415399Z,2026-01-11T18:35:49.896597Z,15.224686633333333,38,41,950,0.958627648839556
20260111_183549_896169,20260111_185102_852526,2026-01-11T18:35:49.896597Z,2026-01-11T18:51:02.852928Z,15.215938849999999,50,51,937,0.9483805668016194
20260111_185102_852526,20260111_190616_310976,2026-01-11T18:51:02.852928Z,2026-01-11T19:06:16.311577Z,15.224310816666668,43,43,944,0.9564336372847011
20260111_190616_310976,20260111_192129_168857,2026-01-11T19:06:16.311577Z,2026-01-11T19:21:29.169404Z,15.214297116666668,35,35,952,0.9645390070921985
20260111_192129_168857,20260111_193645_201757,2026-01-11T19:21:29.169404Z,2026-01-11T19:36:45.202128Z,15.267212066666668,34,32,955,0.9675785207700102
20260111_193645_201757,20260111_195204_785097,2026-01-11T19:36:45.202128Z,2026-01-11T19:52:04.785454Z,15.326388766666668,33,35,954,0.9646107178968655
20260111_195204_785097,20260111_200718_389358,2026-01-11T19:52:04.785454Z,2026-01-11T20:07:18.389758Z,15.226738399999999,53,54,933,0.9452887537993921
20260111_200718_389358,20260111_202235_772818,2026-01-11T20:07:18.389758Z,2026-01-11T20:22:35.773397Z,15.289727316666667,36,35,951,0.9645030425963489
20260111_202235_772818,20260111_203752_697647,2026-01-11T20:22:35.773397Z,2026-01-11T20:37:52.698128Z,15.28207885,41,41,946,0.9584599797365755
20260111_203752_697647,20260111_205305_704581,2026-01-11T20:37:52.698128Z,2026-01-11T20:53:05.704964Z,15.2167806,44,43,944,0.9564336372847011
20260111_205305_704581,20260111_210822_560258,2026-01-11T20:53:05.704964Z,2026-01-11T21:08:22.560771Z,15.280930116666667,29,31,957,0.9686234817813765
20260111_210822_560258,20260111_212336_974251,2026-01-11T21:08:22.560771Z,2026-01-11T21:23:36.974795Z,15.240233733333334,39,40,946,0.9594320486815415
20260111_212336_974251,20260111_213849_446998,2026-01-11T21:23:36.974795Z,2026-01-11T21:38:49.447601Z,15.2078801,43,41,944,0.9583756345177665
20260111_213849_446998,20260111_215403_144559,2026-01-11T21:38:49.447601Z,2026-01-11T21:54:03.145115Z,15.228291899999999,43,44,943,0.955420466058764
20260111_215403_144559,20260111_220915_611800,2026-01-11T21:54:03.145115Z,2026-01-11T22:09:15.612510Z,15.207789916666666,42,41,945,0.9584178498985801
20260111_220915_611800,20260111_222433_013332,2026-01-11T22:09:15.612510Z,2026-01-11T22:24:33.014330Z,15.290030333333334,41,45,942,0.9544072948328267
20260111_222433_013332,20260111_223946_179941,2026-01-11T22:24:33.014330Z,2026-01-11T22:39:46.180342Z,15.219433533333333,34,31,952,0.9684638860630722
20260111_223946_179941,20260111_225459_202364,2026-01-11T22:39:46.180342Z,2026-01-11T22:54:59.202913Z,15.21704285,32,32,954,0.9675456389452333
20260111_225459_202364,20260111_231012_300286,2026-01-11T22:54:59.202913Z,2026-01-11T23:10:12.300467Z,15.218292566666666,42,41,945,0.9584178498985801
20260111_231012_300286,20260111_232525_718441,2026-01-11T23:10:12.300467Z,2026-01-11T23:25:25.718933Z,15.2236411,41,41,946,0.9584599797365755
20260111_232525_718441,20260111_234038_710255,2026-01-11T23:25:25.718933Z,2026-01-11T23:40:38.710582Z,15.216527483333333,30,31,956,0.9685916919959473
20260111_234038_710255,20260111_235556_007377,2026-01-11T23:40:38.710582Z,2026-01-11T23:55:56.007706Z,15.288285400000001,42,42,944,0.9574036511156186
20260111_235556_007377,20260112_001111_898881,2026-01-11T23:55:56.007706Z,2026-01-12T00:11:11.899075Z,15.264856150000002,46,44,942,0.9553752535496958
20260112_001111_898881,20260112_002625_445379,2026-01-12T00:11:11.899075Z,2026-01-12T00:26:25.445944Z,15.22578115,38,40,948,0.9595141700404858
20260112_002625_445379,20260112_004139_911877,2026-01-12T00:26:25.445944Z,2026-01-12T00:41:39.912284Z,15.241105666666666,34,34,952,0.9655172413793104
20260112_004139_911877,20260112_005654_839353,2026-01-12T00:41:39.912284Z,2026-01-12T00:56:54.839664Z,15.248789666666665,26,27,959,0.9726166328600405
20260112_005654_839353,20260112_011207_848384,2026-01-12T00:56:54.839664Z,2026-01-12T01:12:07.848702Z,15.2168173,38,37,948,0.9624365482233502
20260112_011207_848384,20260112_012725_401763,2026-01-12T01:12:07.848702Z,2026-01-12T01:27:25.402188Z,15.2925581,40,40,946,0.9594320486815415
20260112_012725_401763,20260112_014237_783448,2026-01-12T01:27:25.402188Z,2026-01-12T01:42:37.783699Z,15.206358516666667,53,52,934,0.947261663286004
20260112_014237_783448,20260112_015752_872602,2026-01-12T01:42:37.783699Z,2026-01-12T01:57:52.872910Z,15.25148685,29,27,960,0.9726443768996961
20260112_015752_872602,20260112_021306_233021,2026-01-12T01:57:52.872910Z,2026-01-12T02:13:06.233384Z,15.222674566666665,37,37,952,0.9625884732052579
20260112_021306_233021,20260112_022822_446629,2026-01-12T02:13:06.233384Z,2026-01-12T02:28:22.446940Z,15.270225933333334,25,24,965,0.9757330637007078
20260112_022822_446629,20260112_024336_401144,2026-01-12T02:28:22.446940Z,2026-01-12T02:43:36.401919Z,15.232582983333334,56,55,935,0.9444444444444444
20260112_024336_401144,20260112_025849_591419,2026-01-12T02:43:36.401919Z,2026-01-12T02:58:49.591814Z,15.219831583333333,51,50,941,0.9495459132189707
20260112_025849_591419,20260112_031403_058371,2026-01-12T02:58:49.591814Z,2026-01-12T03:14:03.058700Z,15.2244481,52,51,941,0.9485887096774194
20260112_031403_058371,20260112_032915_683708,2026-01-12T03:14:03.058700Z,2026-01-12T03:29:15.684736Z,15.210433933333332,31,36,957,0.9637462235649547
20260112_032915_683708,20260112_034428_653850,2026-01-12T03:29:15.684736Z,2026-01-12T03:44:28.654785Z,15.216167483333333,31,26,962,0.9736842105263158
20260112_034428_653850,20260112_035942_058846,2026-01-12T03:44:28.654785Z,2026-01-12T03:59:42.059087Z,15.223405033333334,32,33,960,0.9667673716012085
20260112_035942_058846,20260112_041454_165265,2026-01-12T03:59:42.059087Z,2026-01-12T04:14:54.165599Z,15.201775199999998,42,45,947,0.9546370967741935
20260112_041454_165265,20260112_043008_464479,2026-01-12T04:14:54.165599Z,2026-01-12T04:30:08.464825Z,15.238320433333334,37,35,954,0.9646107178968655
20260112_043008_464479,20260112_044521_049870,2026-01-12T04:30:08.464825Z,2026-01-12T04:45:21.050229Z,15.209756733333334,34,33,958,0.9667003027245207
20260112_044521_049870,20260112_050037_372364,2026-01-12T04:45:21.050229Z,2026-01-12T05:00:37.373885Z,15.272060933333334,29,33,959,0.9667338709677419
20260112_050037_372364,20260112_051552_659398,2026-01-12T05:00:37.373885Z,2026-01-12T05:15:52.659936Z,15.254767516666668,43,38,950,0.9615384615384616
20260112_051552_659398,20260112_053105_894886,2026-01-12T05:15:52.659936Z,2026-01-12T05:31:05.895716Z,15.220596333333333,32,32,961,0.9677744209466264
20260112_053105_894886,20260112_054618_460332,2026-01-12T05:31:05.895716Z,2026-01-12T05:46:18.460893Z,15.209419616666667,28,28,965,0.9718026183282981
20260112_054618_460332,20260112_060131_056776,2026-01-12T05:46:18.460893Z,2026-01-12T06:01:31.057124Z,15.209937183333333,34,36,957,0.9637462235649547
20260112_060131_056776,20260112_061643_186567,2026-01-12T06:01:31.057124Z,2026-01-12T06:16:43.186826Z,15.2021617,21,19,972,0.9808274470232089
20260112_061643_186567,20260112_063156_075703,2026-01-12T06:16:43.186826Z,2026-01-12T06:31:56.076228Z,15.214823366666668,23,22,971,0.9778449144008057
20260112_063156_075703,20260112_064709_353819,2026-01-12T06:31:56.076228Z,2026-01-12T06:47:09.354202Z,15.221299566666666,35,36,958,0.9637826961770624
20260112_064709_353819,20260112_070221_564235,2026-01-12T06:47:09.354202Z,2026-01-12T07:02:21.564518Z,15.203505266666667,41,41,952,0.9587109768378651
20260112_070221_564235,20260112_073349_310735,2026-01-12T07:02:21.564518Z,2026-01-12T07:33:49.310919Z,31.46244001666667,45,47,946,0.9526686807653575
20260112_073349_310735,20260112_074900_746270,2026-01-12T07:33:49.310919Z,2026-01-12T07:49:00.746618Z,15.190594983333334,30,30,961,0.9697275479313825
20260112_074900_746270,20260112_080412_947744,2026-01-12T07:49:00.746618Z,2026-01-12T08:04:12.947967Z,15.203355816666667,25,27,964,0.9727547931382442
20260112_080412_947744,20260112_081925_252613,2026-01-12T08:04:12.947967Z,2026-01-12T08:19:25.253040Z,15.20508455,22,23,966,0.9767441860465116
20260112_081925_252613,20260112_083437_699822,2026-01-12T08:19:25.253040Z,2026-01-12T08:34:37.700694Z,15.207460900000001,24,23,965,0.9767206477732794
20260112_083437_699822,20260112_084949_800356,2026-01-12T08:34:37.700694Z,2026-01-12T08:49:49.800875Z,15.201669683333334,28,29,960,0.9706774519716885
20260112_084949_800356,20260112_090502_351731,2026-01-12T08:49:49.800875Z,2026-01-12T09:05:02.351883Z,15.209183466666667,25,25,963,0.9746963562753036
20260112_090502_351731,20260112_092015_905638,2026-01-12T09:05:02.351883Z,2026-01-12T09:20:15.905953Z,15.225901166666667,20,22,966,0.9777327935222672
20260112_092015_905638,20260112_093528_855606,2026-01-12T09:20:15.905953Z,2026-01-12T09:35:28.856100Z,15.215835783333334,27,25,961,0.9746450304259635
20260112_093528_855606,20260112_095041_364532,2026-01-12T09:35:28.856100Z,2026-01-12T09:50:41.364839Z,15.208478983333332,26,25,963,0.9746963562753036
20260112_095041_364532,20260112_100554_409849,2026-01-12T09:50:41.364839Z,2026-01-12T10:05:54.410521Z,15.217428033333334,24,25,964,0.974721941354904
20260112_100554_409849,20260112_102106_417781,2026-01-12T10:05:54.410521Z,2026-01-12T10:21:06.418145Z,15.200127066666665,26,25,963,0.9746963562753036
20260112_102106_417781,20260112_103618_696740,2026-01-12T10:21:06.418145Z,2026-01-12T10:36:18.697466Z,15.20465535,20,21,968,0.9787664307381193
20260112_103618_696740,20260112_105131_365323,2026-01-12T10:36:18.697466Z,2026-01-12T10:51:31.365646Z,15.211136333333334,27,26,962,0.9736842105263158
20260112_105131_365323,20260112_110645_356721,2026-01-12T10:51:31.365646Z,2026-01-12T11:06:45.357447Z,15.233196683333334,28,29,960,0.9706774519716885
20260112_110645_356721,20260112_112157_400821,2026-01-12T11:06:45.357447Z,2026-01-12T11:21:57.401939Z,15.200741533333334,27,27,961,0.9726720647773279
20260112_112157_400821,20260112_113711_240274,2026-01-12T11:21:57.401939Z,2026-01-12T11:37:11.240645Z,15.2306451,26,24,964,0.9757085020242915
20260112_113711_240274,20260112_115223_349902,2026-01-12T11:37:11.240645Z,2026-01-12T11:52:23.350721Z,15.201834600000002,28,29,961,0.9707070707070707
20260112_115223_349902,20260112_120736_420403,2026-01-12T11:52:23.350721Z,2026-01-12T12:07:36.420648Z,15.217832116666667,21,21,968,0.9787664307381193
20260112_120736_420403,20260112_133654_030322,2026-01-12T12:07:36.420648Z,2026-01-12T13:36:54.030570Z,89.2934987,204,209,780,0.788675429726997
20260112_133654_030322,20260112_135207_729543,2026-01-12T13:36:54.030570Z,2026-01-12T13:52:07.730200Z,15.228327166666666,29,25,959,0.9745934959349594
20260112_135207_729543,20260112_140720_082436,2026-01-12T13:52:07.730200Z,2026-01-12T14:07:20.082688Z,15.2058748,33,34,954,0.9655870445344129
20260112_140720_082436,20260112_142231_998071,2026-01-12T14:07:20.082688Z,2026-01-12T14:22:31.998327Z,15.198593983333334,28,26,961,0.9736575481256332
20260112_142231_998071,20260112_143745_070183,2026-01-12T14:22:31.998327Z,2026-01-12T14:37:45.070359Z,15.2178672,39,39,950,0.9605662285136501
20260112_143745_070183,20260112_145258_210158,2026-01-12T14:37:45.070359Z,2026-01-12T14:52:58.210403Z,15.219000733333333,38,38,951,0.961577350859454
20260112_145258_210158,20260112_150811_113220,2026-01-12T14:52:58.210403Z,2026-01-12T15:08:11.113511Z,15.2150518,54,57,932,0.942366026289181
20260112_150811_113220,20260112_152323_235098,2026-01-12T15:08:11.113511Z,2026-01-12T15:23:23.235298Z,15.202029783333334,44,41,945,0.9584178498985801
20260112_152323_235098,20260112_153836_050319,2026-01-12T15:23:23.235298Z,2026-01-12T15:38:36.050567Z,15.213587816666665,30,31,958,0.9686552072800809
20260112_153836_050319,20260112_155349_364612,2026-01-12T15:38:36.050567Z,2026-01-12T15:53:49.364803Z,15.221903933333333,36,37,951,0.9625506072874493
20260112_155349_364612,20260112_160902_079135,2026-01-12T15:53:49.364803Z,2026-01-12T16:09:02.079358Z,15.21190925,40,40,947,0.9594731509625126
20260112_160902_079135,20260112_162414_706271,2026-01-12T16:09:02.079358Z,2026-01-12T16:24:14.706541Z,15.21045305,50,50,937,0.9493414387031408
20260112_162414_706271,20260112_163929_470806,2026-01-12T16:24:14.706541Z,2026-01-12T16:39:29.471507Z,15.246082766666666,37,38,949,0.961499493414387
20260112_163929_470806,20260112_165442_088642,2026-01-12T16:39:29.471507Z,2026-01-12T16:54:42.088942Z,15.210290583333334,54,49,937,0.9503042596348884
20260112_165442_088642,20260112_170955_217162,2026-01-12T16:54:42.088942Z,2026-01-12T17:09:55.217448Z,15.218808433333333,48,48,943,0.9515640766902119
20260112_170955_217162,20260112_172508_028960,2026-01-12T17:09:55.217448Z,2026-01-12T17:25:08.029301Z,15.213530883333334,42,43,948,0.9566094853683148
20260112_172508_028960,20260112_174020_923438,2026-01-12T17:25:08.029301Z,2026-01-12T17:40:20.923900Z,15.214909983333333,29,29,961,0.9707070707070707
20260112_174020_923438,20260112_175534_352268,2026-01-12T17:40:20.923900Z,2026-01-12T17:55:34.352398Z,15.2238083,36,39,951,0.9606060606060606
20260112_175534_352268,20260112_181048_435621,2026-01-12T17:55:34.352398Z,2026-01-12T18:10:48.435951Z,15.234725883333335,39,35,952,0.9645390070921985
20260112_181048_435621,20260112_182602_687333,2026-01-12T18:10:48.435951Z,2026-01-12T18:26:02.687649Z,15.237528300000001,43,43,948,0.9566094853683148
20260112_182602_687333,20260112_184116_589460,2026-01-12T18:26:02.687649Z,2026-01-12T18:41:16.589822Z,15.231702883333332,29,30,961,0.9697275479313825
20260112_184116_589460,20260112_185630_723187,2026-01-12T18:41:16.589822Z,2026-01-12T18:56:30.723508Z,15.235561433333334,45,47,943,0.9525252525252526
20260112_185630_723187,20260112_191432_988876,2026-01-12T18:56:30.723508Z,2026-01-12T19:14:32.989069Z,18.037759349999998,56,54,934,0.9453441295546559
20260112_191432_988876,20260112_192945_418280,2026-01-12T19:14:32.989069Z,2026-01-12T19:29:45.418725Z,15.207160933333334,39,39,951,0.9606060606060606
20260112_192945_418280,20260112_194503_311209,2026-01-12T19:29:45.418725Z,2026-01-12T19:45:03.311689Z,15.298216066666667,38,41,949,0.9585858585858585
20260112_194503_311209,20260112_200017_423737,2026-01-12T19:45:03.311689Z,2026-01-12T20:00:17.424305Z,15.235210266666666,54,53,934,0.9463019250253293
20260112_200017_423737,20260112_201530_245086,2026-01-12T20:00:17.424305Z,2026-01-12T20:15:30.245512Z,15.213686783333333,46,46,942,0.9534412955465587
20260112_201530_245086,20260112_203043_303150,2026-01-12T20:15:30.245512Z,2026-01-12T20:30:43.303322Z,15.217630166666668,35,33,955,0.9665991902834008
20260112_203043_303150,20260112_204556_247090,2026-01-12T20:30:43.303322Z,2026-01-12T20:45:56.247390Z,15.215734466666667,41,44,946,0.9555555555555556
20260112_204556_247090,20260112_210109_689766,2026-01-12T20:45:56.247390Z,2026-01-12T21:01:09.689946Z,15.224042599999999,34,73,914,0.9260385005065856
20260112_210109_689766,20260112_211622_742145,2026-01-12T21:01:09.689946Z,2026-01-12T21:16:22.742387Z,15.217540683333334,45,6,942,0.9936708860759493
20260112_211622_742145,20260112_213136_724104,2026-01-12T21:16:22.742387Z,2026-01-12T21:31:36.724354Z,15.233032783333334,43,330,657,0.6656534954407295
20260112_213136_724104,20260112_214654_206534,2026-01-12T21:31:36.724354Z,2026-01-12T21:46:54.206906Z,15.291375866666668,294,7,693,0.99
20260112_214654_206534,20260112_220208_225684,2026-01-12T21:46:54.206906Z,2026-01-12T22:02:08.225922Z,15.233650266666666,53,54,933,0.9452887537993921
20260112_220208_225684,20260112_234559_086080,2026-01-12T22:02:08.225922Z,2026-01-12T23:45:59.086606Z,103.84767806666667,236,235,751,0.7616632860040567
20260112_234559_086080,20260113_002304_716379,2026-01-12T23:45:59.086606Z,2026-01-13T00:23:04.716705Z,37.09383498333333,112,112,875,0.8865248226950354
20260113_002304_716379,20260113_003817_661747,2026-01-13T00:23:04.716705Z,2026-01-13T00:38:17.662243Z,15.215758966666668,51,50,937,0.9493414387031408
20260113_003817_661747,20260113_005329_755512,2026-01-13T00:38:17.662243Z,2026-01-13T00:53:29.755914Z,15.201561183333332,38,38,950,0.9615384615384616
20260113_005329_755512,20260113_010842_857452,2026-01-13T00:53:29.755914Z,2026-01-13T01:08:42.857983Z,15.218367816666667,40,39,949,0.9605263157894737
20260113_010842_857452,20260113_012354_761721,2026-01-13T01:08:42.857983Z,2026-01-13T01:23:54.761979Z,15.198399933333333,58,60,929,0.9393326592517695
20260113_012354_761721,20260113_013908_753828,2026-01-13T01:23:54.761979Z,2026-01-13T01:39:08.754432Z,15.23320755,43,77,910,0.9219858156028369
20260113_013908_753828,20260113_015421_178191,2026-01-13T01:39:08.754432Z,2026-01-13T01:54:21.178942Z,15.207075166666668,40,5,948,0.9947534102833159
20260113_015421_178191,20260113_020934_723104,2026-01-13T01:54:21.178942Z,2026-01-13T02:09:34.723385Z,15.225740716666667,39,41,947,0.958502024291498
20260113_020934_723104,20260113_022447_390723,2026-01-13T02:09:34.723385Z,2026-01-13T02:24:47.391090Z,15.211128416666666,38,36,950,0.9634888438133874
20260113_022447_390723,20260113_024002_399113,2026-01-13T02:24:47.391090Z,2026-01-13T02:40:02.399546Z,15.250140933333334,37,36,952,0.9635627530364372
20260113_024002_399113,20260113_025519_497647,2026-01-13T02:40:02.399546Z,2026-01-13T02:55:19.498121Z,15.28497625,40,38,951,0.961577350859454
20260113_025519_497647,20260113_031037_598955,2026-01-13T02:55:19.498121Z,2026-01-13T03:10:37.599291Z,15.301686166666666,35,35,956,0.9646821392532795
20260113_031037_598955,20260113_032551_064722,2026-01-13T03:10:37.599291Z,2026-01-13T03:25:51.064945Z,15.224427566666666,27,27,964,0.9727547931382442
20260113_032551_064722,20260113_034103_709895,2026-01-13T03:25:51.064945Z,2026-01-13T03:41:03.710084Z,15.210752316666666,35,35,956,0.9646821392532795
20260113_034103_709895,20260113_035617_021512,2026-01-13T03:41:03.710084Z,2026-01-13T03:56:17.021810Z,15.221862100000001,32,32,959,0.9677093844601413
20260113_035617_021512,20260113_041136_521166,2026-01-13T03:56:17.021810Z,2026-01-13T04:11:36.521377Z,15.324992783333332,23,23,968,0.9767911200807265
20260113_041136_521166,20260113_042653_547754,2026-01-13T04:11:36.521377Z,2026-01-13T04:26:53.547979Z,15.2837767,32,33,958,0.9667003027245207
20260113_042653_547754,20260113_044206_018046,2026-01-13T04:26:53.547979Z,2026-01-13T04:42:06.018346Z,15.20783945,40,39,951,0.9606060606060606
20260113_044206_018046,20260113_045722_496446,2026-01-13T04:42:06.018346Z,2026-01-13T04:57:22.496774Z,15.274640466666666,36,35,956,0.9646821392532795
20260113_045722_496446,20260113_051238_204953,2026-01-13T04:57:22.496774Z,2026-01-13T05:12:38.205238Z,15.261807733333335,49,50,942,0.9495967741935484
20260113_051238_204953,20260113_052752_654451,2026-01-13T05:12:38.205238Z,2026-01-13T05:27:52.654743Z,15.240825083333334,35,42,949,0.9576185671039354
20260113_052752_654451,20260113_054305_308963,2026-01-13T05:27:52.654743Z,2026-01-13T05:43:05.309403Z,15.210911000000001,38,26,958,0.9735772357723578
20260113_054305_308963,20260113_055817_268900,2026-01-13T05:43:05.309403Z,2026-01-13T05:58:17.269142Z,15.199328983333334,16,17,979,0.9829317269076305
20260113_055817_268900,20260113_061330_349725,2026-01-13T05:58:17.269142Z,2026-01-13T06:13:30.350020Z,15.218014633333333,23,22,973,0.9778894472361809
20260113_061330_349725,20260113_062844_126114,2026-01-13T06:13:30.350020Z,2026-01-13T06:28:44.126588Z,15.229609466666666,26,25,971,0.9748995983935743
20260113_062844_126114,20260113_064356_021410,2026-01-13T06:28:44.126588Z,2026-01-13T06:43:56.021895Z,15.198255116666667,25,25,972,0.9749247743229689
20260113_064356_021410,20260113_065907_246172,2026-01-13T06:43:56.021895Z,2026-01-13T06:59:07.246463Z,15.187076133333333,52,52,945,0.9478435305917753
20260113_065907_246172,20260113_071421_304469,2026-01-13T06:59:07.246463Z,2026-01-13T07:14:21.304643Z,15.234303,42,44,953,0.9558676028084253
20260113_071421_304469,20260113_072934_484249,2026-01-13T07:14:21.304643Z,2026-01-13T07:29:34.484421Z,15.219662966666668,44,45,950,0.9547738693467337
20260113_072934_484249,20260113_074446_755325,2026-01-13T07:29:34.484421Z,2026-01-13T07:44:46.755685Z,15.204521066666667,23,23,971,0.9768611670020121
20260113_074446_755325,20260113_075958_668966,2026-01-13T07:44:46.755685Z,2026-01-13T07:59:58.669272Z,15.198559783333334,36,36,958,0.9637826961770624
20260113_075958_668966,20260113_081512_103295,2026-01-13T07:59:58.669272Z,2026-01-13T08:15:12.103486Z,15.223903566666667,27,27,967,0.9728370221327968
20260113_081512_103295,20260113_083025_145581,2026-01-13T08:15:12.103486Z,2026-01-13T08:30:25.145840Z,15.217372566666667,29,28,966,0.971830985915493
20260113_083025_145581,20260113_084537_670039,2026-01-13T08:30:25.145840Z,2026-01-13T08:45:37.670300Z,15.208741,30,30,965,0.9698492462311558
20260113_084537_670039,20260113_090048_871141,2026-01-13T08:45:37.670300Z,2026-01-13T09:00:48.871488Z,15.186686466666666,39,40,955,0.9597989949748744
20260113_090048_871141,20260113_091601_263911,2026-01-13T09:00:48.871488Z,2026-01-13T09:16:01.264262Z,15.206546233333334,29,34,960,0.96579476861167
20260113_091601_263911,20260113_093112_627212,2026-01-13T09:16:01.264262Z,2026-01-13T09:31:12.627566Z,15.1893884,20,14,975,0.9858442871587462
20260113_093112_627212,20260113_094624_475937,2026-01-13T09:31:12.627566Z,2026-01-13T09:46:24.476337Z,15.197479516666668,19,19,976,0.9809045226130654
20260113_094624_475937,20260113_100137_151749,2026-01-13T09:46:24.476337Z,2026-01-13T10:01:37.151947Z,15.211260166666667,29,30,965,0.9698492462311558
20260113_100137_151749,20260113_101650_373717,2026-01-13T10:01:37.151947Z,2026-01-13T10:16:50.373925Z,15.2203663,31,31,963,0.9688128772635815
20260113_101650_373717,20260113_103202_530120,2026-01-13T10:16:50.373925Z,2026-01-13T10:32:02.530354Z,15.20260715,39,37,957,0.9627766599597586
20260113_103202_530120,20260113_104715_704410,2026-01-13T10:32:02.530354Z,2026-01-13T10:47:15.705178Z,15.2195804,32,34,962,0.9658634538152611
20260113_104715_704410,20260113_110228_881657,2026-01-13T10:47:15.705178Z,2026-01-13T11:02:28.881870Z,15.219611533333333,27,26,968,0.9738430583501007
20260113_110228_881657,20260113_113451_129242,2026-01-13T11:02:28.881870Z,2026-01-13T11:34:51.129479Z,32.37079348333334,63,65,930,0.9346733668341709
20260113_113451_129242,20260113_115004_186858,2026-01-13T11:34:51.129479Z,2026-01-13T11:50:04.187150Z,15.217627850000001,24,23,970,0.9768378650553877
20260113_115004_186858,20260113_120517_157976,2026-01-13T11:50:04.187150Z,2026-01-13T12:05:17.158189Z,15.216183983333334,31,31,963,0.9688128772635815
20260113_120517_157976,20260113_122029_966627,2026-01-13T12:05:17.158189Z,2026-01-13T12:20:29.966886Z,15.213478283333334,37,36,958,0.9637826961770624
20260113_122029_966627,20260113_123543_239565,2026-01-13T12:20:29.966886Z,2026-01-13T12:35:43.239875Z,15.221216483333334,30,32,963,0.9678391959798995
20260113_123543_239565,20260113_125057_236551,2026-01-13T12:35:43.239875Z,2026-01-13T12:50:57.236940Z,15.233284416666667,28,27,966,0.972809667673716
20260113_125057_236551,20260113_130609_967698,2026-01-13T12:50:57.236940Z,2026-01-13T13:06:09.967942Z,15.212183366666666,42,42,952,0.9577464788732394
20260113_130609_967698,20260113_132122_433574,2026-01-13T13:06:09.967942Z,2026-01-13T13:21:22.433959Z,15.20776695,30,32,962,0.9678068410462777
20260113_132122_433574,20260113_133636_318634,2026-01-13T13:21:22.433959Z,2026-01-13T13:36:36.318923Z,15.231416066666666,35,33,959,0.9667338709677419
20260113_133636_318634,20260113_135150_009746,2026-01-13T13:36:36.318923Z,2026-01-13T13:51:50.009984Z,15.22818435,40,41,953,0.9587525150905433
20260113_135150_009746,20260113_140702_158080,2026-01-13T13:51:50.009984Z,2026-01-13T14:07:02.158308Z,15.202472066666667,41,40,953,0.959718026183283
20260113_140702_158080,20260113_142215_821500,2026-01-13T14:07:02.158308Z,2026-01-13T14:22:15.821750Z,15.227724033333335,42,48,946,0.9517102615694165
20260113_142215_821500,20260113_143728_483083,2026-01-13T14:22:15.821750Z,2026-01-13T14:37:28.483293Z,15.211025716666667,48,42,946,0.9574898785425101
20260113_143728_483083,20260113_145243_549021,2026-01-13T14:37:28.483293Z,2026-01-13T14:52:43.549411Z,15.251101966666665,40,42,952,0.9577464788732394
20260113_145243_549021,20260113_150756_394896,2026-01-13T14:52:43.549411Z,2026-01-13T15:07:56.395447Z,15.2141006,37,38,954,0.9616935483870968
20260113_150756_394896,20260113_152309_702799,2026-01-13T15:07:56.395447Z,2026-01-13T15:23:09.703404Z,15.221799283333333,43,40,951,0.9596367305751766
20260113_152309_702799,20260113_153822_214203,2026-01-13T15:23:09.703404Z,2026-01-13T15:38:22.214669Z,15.208521083333332,47,47,947,0.9527162977867203
20260113_153822_214203,20260113_155334_374568,2026-01-13T15:38:22.214669Z,2026-01-13T15:53:34.374697Z,15.202667133333334,39,38,956,0.9617706237424547
20260113_155334_374568,20260113_160848_242243,2026-01-13T15:53:34.374697Z,2026-01-13T16:08:48.242686Z,15.23113315,40,40,955,0.9597989949748744
20260113_160848_242243,20260113_162401_417900,2026-01-13T16:08:48.242686Z,2026-01-13T16:24:01.418148Z,15.219591033333334,34,35,960,0.964824120603015
20260113_162401_417900,20260113_163914_594881,2026-01-13T16:24:01.418148Z,2026-01-13T16:39:14.595161Z,15.219616883333334,44,42,952,0.9577464788732394
