post_id,segment_id,first_seen_time_utc,rank_in_new,age_minutes,segment_after_gap_gt60
1dh4s1v,0,2026-01-07T18:03:37.621401Z,995,821248.860357,False
1q5dddm,0,2026-01-06T16:39:46.917713Z,991,475.315295,False
1q5ddhw,0,2026-01-06T16:39:46.917713Z,990,475.098629,False
1q5ddju,0,2026-01-06T16:39:46.917713Z,989,474.998629,False
1q5defg,0,2026-01-06T16:39:46.917713Z,988,473.465295,False
1q5dehb,0,2026-01-06T16:39:46.917713Z,987,473.331962,False
1q5dex5,0,2026-01-06T16:39:46.917713Z,986,472.548629,False
1q5df4k,0,2026-01-06T16:39:46.917713Z,985,472.181962,False
1q5dfgq,0,2026-01-06T16:39:46.917713Z,984,471.548629,False
1q5dg3m,0,2026-01-06T16:39:46.917713Z,983,470.398629,False
1q5dg92,0,2026-01-06T16:39:46.917713Z,982,470.131962,False
1q5dh1a,0,2026-01-06T16:39:46.917713Z,981,468.798629,False
1q5dhsc,0,2026-01-06T16:39:46.917713Z,980,467.465295,False
1q5dhth,0,2026-01-06T16:39:46.917713Z,979,467.415295,False
1q5di1h,0,2026-01-06T16:39:46.917713Z,978,467.048629,False
1q5di4n,0,2026-01-06T16:39:46.917713Z,977,466.915295,False
1q5divt,0,2026-01-06T16:39:46.917713Z,976,465.615295,False
1q5djwm,0,2026-01-06T16:39:46.917713Z,975,463.815295,False
1q5djyj,0,2026-01-06T16:39:46.917713Z,974,463.698629,False
1q5dk28,0,2026-01-06T16:39:46.917713Z,973,463.531962,False
1q5dkhn,0,2026-01-06T16:39:46.917713Z,972,462.798629,False
1q5dm7o,0,2026-01-06T16:39:46.917713Z,971,459.648629,False
1q5dnzf,0,2026-01-06T16:39:46.917713Z,970,456.715295,False
1q5do5i,0,2026-01-06T16:39:46.917713Z,969,456.431962,False
1q5doa2,0,2026-01-06T16:39:46.917713Z,968,456.215295,False
1q5dodw,0,2026-01-06T16:39:46.917713Z,967,456.015295,False
1q5donm,0,2026-01-06T16:39:46.917713Z,966,455.565295,False
1q5dop4,0,2026-01-06T16:39:46.917713Z,965,455.498629,False
1q5dpi6,0,2026-01-06T16:39:46.917713Z,964,454.031962,False
1q5dpvv,0,2026-01-06T16:39:46.917713Z,963,453.348629,False
1q5dqay,0,2026-01-06T16:39:46.917713Z,962,452.631962,False
1q5dqwv,0,2026-01-06T16:39:46.917713Z,961,451.565295,False
1q5dr7h,0,2026-01-06T16:39:46.917713Z,960,451.015295,False
1q5dr9i,0,2026-01-06T16:39:46.917713Z,959,450.915295,False
1q5drw6,0,2026-01-06T16:39:46.917713Z,958,449.781962,False
1q5drwt,0,2026-01-06T16:39:46.917713Z,957,449.765295,False
1q5ds25,0,2026-01-06T16:39:46.917713Z,956,449.531962,False
1q5ds4z,0,2026-01-06T16:39:46.917713Z,955,449.398629,False
1q5dszq,0,2026-01-06T16:39:46.917713Z,954,447.848629,False
1q5dtmf,0,2026-01-06T16:39:46.917713Z,953,446.565295,False
1q5duib,0,2026-01-06T16:39:46.917713Z,952,444.881962,False
1q5dvny,0,2026-01-06T16:39:46.917713Z,951,442.848629,False
1q5dvt0,0,2026-01-06T16:39:46.917713Z,950,442.565295,False
1q5dvwm,0,2026-01-06T16:39:46.917713Z,949,442.381962,False
1q5dvx5,0,2026-01-06T16:39:46.917713Z,948,442.348629,False
1q5dwlc,0,2026-01-06T16:39:46.917713Z,947,441.081962,False
1q5dwno,0,2026-01-06T16:39:46.917713Z,946,440.965295,False
1q5dx4e,0,2026-01-06T16:39:46.917713Z,945,440.065295,False
1q61kth,0,2026-01-07T08:22:11.432527Z,965,419.057209,False
1pz6vmy,1,2026-01-08T14:12:06.236991Z,986,13619.120617,True
1q7292h,1,2026-01-08T13:07:11.026950Z,988,515.533783,True
1q72963,1,2026-01-08T13:07:11.026950Z,987,515.383782,True
1q729rq,1,2026-01-08T13:07:11.026950Z,986,514.533783,True
1q72a0e,1,2026-01-08T13:07:11.026950Z,985,514.183783,True
1q72a24,1,2026-01-08T13:07:11.026950Z,984,514.117116,True
1q72a4n,1,2026-01-08T13:07:11.026950Z,983,514.033783,True
1q72afw,1,2026-01-08T13:07:11.026950Z,982,513.567116,True
1q72bnm,1,2026-01-08T13:07:11.026950Z,981,511.967116,True
1q72cam,1,2026-01-08T13:07:11.026950Z,980,511.067116,True
1q72cyg,1,2026-01-08T13:07:11.026950Z,979,510.100449,True
1q72dk1,1,2026-01-08T13:07:11.026950Z,978,509.283782,True
1q72eby,1,2026-01-08T13:07:11.026950Z,977,508.217116,True
1q72emp,1,2026-01-08T13:07:11.026950Z,976,507.817116,True
1q72eos,1,2026-01-08T13:07:11.026950Z,975,507.750449,True
1q72f63,1,2026-01-08T13:07:11.026950Z,974,507.100449,True
1q72fay,1,2026-01-08T13:07:11.026950Z,973,506.900449,True
1q72g8u,1,2026-01-08T13:07:11.026950Z,972,505.567116,True
1q72gb1,1,2026-01-08T13:07:11.026950Z,971,505.483783,True
1q72gf6,1,2026-01-08T13:07:11.026950Z,970,505.300449,True
1q72hn5,1,2026-01-08T13:07:11.026950Z,969,503.600449,True
1q72i30,1,2026-01-08T13:07:11.026950Z,968,502.983783,True
1q72i3v,1,2026-01-08T13:07:11.026950Z,967,502.950449,True
1q72iad,1,2026-01-08T13:07:11.026950Z,966,502.717116,True
1q72j4z,1,2026-01-08T13:07:11.026950Z,965,501.500449,True
1q72keo,1,2026-01-08T13:07:11.026950Z,964,499.817116,True
1q72kia,1,2026-01-08T13:07:11.026950Z,963,499.683783,True
1q72kma,1,2026-01-08T13:07:11.026950Z,962,499.533782,True
1q72kme,1,2026-01-08T13:07:11.026950Z,961,499.533782,True
1q72kod,1,2026-01-08T13:07:11.026950Z,960,499.450449,True
1q72l6f,1,2026-01-08T13:07:11.026950Z,959,498.783782,True
1q72l6k,1,2026-01-08T13:07:11.026950Z,958,498.783782,True
1q72l8e,1,2026-01-08T13:07:11.026950Z,957,498.717116,True
1q72lmn,1,2026-01-08T13:07:11.026950Z,956,498.183783,True
1q72lzc,1,2026-01-08T13:07:11.026950Z,955,497.700449,True
1q72mdl,1,2026-01-08T13:07:11.026950Z,954,497.150449,True
1q72mo9,1,2026-01-08T13:07:11.026950Z,953,496.733783,True
1q72nbl,1,2026-01-08T13:07:11.026950Z,952,495.850449,True
1q72nem,1,2026-01-08T13:07:11.026950Z,951,495.750449,True
1q72nj6,1,2026-01-08T13:07:11.026950Z,950,495.600449,True
1q72nwu,1,2026-01-08T13:07:11.026950Z,949,495.083782,True
1q72nxd,1,2026-01-08T13:07:11.026950Z,948,495.067116,True
1q72o1f,1,2026-01-08T13:07:11.026950Z,947,494.900449,True
1qa34ej,2,2026-01-12T14:07:20.082688Z,987,1319.984711,True
1qaka36,2,2026-01-12T14:07:20.082688Z,986,629.334711,True
1qakvj6,2,2026-01-12T13:36:54.030570Z,984,570.183843,True
1qakvua,2,2026-01-12T13:36:54.030570Z,983,569.80051,True
1qakw0s,2,2026-01-12T13:36:54.030570Z,982,569.55051,True
1qakwdq,2,2026-01-12T13:36:54.030570Z,981,569.033843,True
1qaky6y,2,2026-01-12T13:36:54.030570Z,980,566.533843,True
1qakyhl,2,2026-01-12T13:36:54.030570Z,979,566.117176,True
1qakyty,2,2026-01-12T13:36:54.030570Z,978,565.650509,True
1qakz9e,2,2026-01-12T13:36:54.030570Z,977,565.10051,True
1qakzye,2,2026-01-12T13:36:54.030570Z,976,564.167176,True
1qal031,2,2026-01-12T13:36:54.030570Z,975,563.967176,True
1qal0mo,2,2026-01-12T13:36:54.030570Z,974,563.25051,True
1qal0ti,2,2026-01-12T13:36:54.030570Z,973,563.017176,True
1qal0v0,2,2026-01-12T13:36:54.030570Z,972,562.967176,True
1qal18q,2,2026-01-12T13:36:54.030570Z,971,562.50051,True
1qal1dn,2,2026-01-12T13:36:54.030570Z,970,562.35051,True
1qal1kx,2,2026-01-12T13:36:54.030570Z,969,562.117176,True
1qal1lw,2,2026-01-12T13:36:54.030570Z,968,562.083843,True
1qal1p9,2,2026-01-12T13:36:54.030570Z,967,561.967176,True
1qal2f3,2,2026-01-12T13:36:54.030570Z,966,561.017176,True
1qal2hu,2,2026-01-12T13:36:54.030570Z,965,560.900509,True
1qal2jg,2,2026-01-12T13:36:54.030570Z,964,560.85051,True
1qal2yh,2,2026-01-12T13:36:54.030570Z,963,560.30051,True
1qal3ck,2,2026-01-12T13:36:54.030570Z,962,559.75051,True
1qal3ev,2,2026-01-12T13:36:54.030570Z,961,559.667176,True
1qal3id,2,2026-01-12T13:36:54.030570Z,960,559.533843,True
1qaztg1,3,2026-01-12T23:45:59.086606Z,987,426.434777,True
1qaztv1,3,2026-01-12T23:45:59.086606Z,986,426.001443,True
1qazu2z,3,2026-01-12T23:45:59.086606Z,985,425.784777,True
1qazukg,3,2026-01-12T23:45:59.086606Z,984,425.26811,True
1qazv5k,3,2026-01-12T23:45:59.086606Z,983,424.701443,True
1qazv9t,3,2026-01-12T23:45:59.086606Z,982,424.601443,True
1qazvh8,3,2026-01-12T23:45:59.086606Z,981,424.36811,True
1qazw07,3,2026-01-12T23:45:59.086606Z,980,423.851443,True
1qazw2v,3,2026-01-12T23:45:59.086606Z,979,423.76811,True
1qazwhs,3,2026-01-12T23:45:59.086606Z,978,423.384777,True
1qazwxv,3,2026-01-12T23:45:59.086606Z,977,422.91811,True
1qazxpm,3,2026-01-12T23:45:59.086606Z,976,422.151443,True
1qazy6u,3,2026-01-12T23:45:59.086606Z,975,421.701443,True
1qazynk,3,2026-01-12T23:45:59.086606Z,974,421.234777,True
1qazyob,3,2026-01-12T23:45:59.086606Z,973,421.21811,True
1qazyvu,3,2026-01-12T23:45:59.086606Z,972,421.01811,True
1qazz1r,3,2026-01-12T23:45:59.086606Z,971,420.834777,True
1qazzrb,3,2026-01-12T23:45:59.086606Z,970,420.11811,True
1qb00oe,3,2026-01-12T23:45:59.086606Z,969,419.134777,True
1qb00th,3,2026-01-12T23:45:59.086606Z,968,418.984777,True
1qb015j,3,2026-01-12T23:45:59.086606Z,967,418.634777,True
1qb01ab,3,2026-01-12T23:45:59.086606Z,966,418.484777,True
1qb01dz,3,2026-01-12T23:45:59.086606Z,965,418.36811,True
1qb020u,3,2026-01-12T23:45:59.086606Z,964,417.751443,True
1qb02dd,3,2026-01-12T23:45:59.086606Z,963,417.384777,True
1qb02fl,3,2026-01-12T23:45:59.086606Z,962,417.334777,True
1qb02i1,3,2026-01-12T23:45:59.086606Z,961,417.251443,True
1qb02nh,3,2026-01-12T23:45:59.086606Z,960,417.101443,True
1qb03bh,3,2026-01-12T23:45:59.086606Z,959,416.434777,True
1qb03fj,3,2026-01-12T23:45:59.086606Z,958,416.334777,True
1qb03jo,3,2026-01-12T23:45:59.086606Z,957,416.21811,True
1qb03sy,3,2026-01-12T23:45:59.086606Z,956,415.96811,True
1qb04uh,3,2026-01-12T23:45:59.086606Z,955,414.91811,True
1qb04vy,3,2026-01-12T23:45:59.086606Z,954,414.884777,True
1qb054p,3,2026-01-12T23:45:59.086606Z,953,414.651443,True
1qb0562,3,2026-01-12T23:45:59.086606Z,952,414.61811,True
1qb05at,3,2026-01-12T23:45:59.086606Z,951,414.451443,True
1qb06dg,3,2026-01-12T23:45:59.086606Z,950,413.334777,True
1qb06vu,3,2026-01-12T23:45:59.086606Z,949,412.834777,True
1qb077j,3,2026-01-12T23:45:59.086606Z,948,412.484777,True
1qb07dy,3,2026-01-12T23:45:59.086606Z,947,412.31811,True
1qb07pz,3,2026-01-12T23:45:59.086606Z,946,411.984777,True
1qb07sw,3,2026-01-12T23:45:59.086606Z,945,411.901443,True
1qb08hm,3,2026-01-12T23:45:59.086606Z,944,411.201443,True
1qb08me,3,2026-01-12T23:45:59.086606Z,943,411.06811,True
1qb08mh,3,2026-01-12T23:45:59.086606Z,942,411.06811,True
1qb08ng,3,2026-01-12T23:45:59.086606Z,941,411.034777,True
1qb09j8,3,2026-01-12T23:45:59.086606Z,940,410.11811,True
1qb09jh,3,2026-01-12T23:45:59.086606Z,939,410.11811,True
1qb09km,3,2026-01-12T23:45:59.086606Z,938,410.084777,True
1qb0ad1,3,2026-01-12T23:45:59.086606Z,937,409.284777,True
1qb0ad2,3,2026-01-12T23:45:59.086606Z,936,409.284777,True
1qb0aut,3,2026-01-12T23:45:59.086606Z,935,408.801443,True
1qb0ay1,3,2026-01-12T23:45:59.086606Z,934,408.701443,True
1qb0b72,3,2026-01-12T23:45:59.086606Z,933,408.451443,True
1qb0c8p,3,2026-01-12T23:45:59.086606Z,932,407.401443,True
1qb0cc0,3,2026-01-12T23:45:59.086606Z,931,407.31811,True
1qb0cgz,3,2026-01-12T23:45:59.086606Z,930,407.184777,True
1qb0d1d,3,2026-01-12T23:45:59.086606Z,929,406.551443,True
1qb0d33,3,2026-01-12T23:45:59.086606Z,928,406.501443,True
1qb0dec,3,2026-01-12T23:45:59.086606Z,927,406.201443,True
1qb0dfc,3,2026-01-12T23:45:59.086606Z,926,406.16811,True
1qb0dgt,3,2026-01-12T23:45:59.086606Z,925,406.11811,True
1qb0ds5,3,2026-01-12T23:45:59.086606Z,924,405.801443,True
1qb0ds7,3,2026-01-12T23:45:59.086606Z,923,405.801443,True
1qb0ekk,3,2026-01-12T23:45:59.086606Z,922,405.084777,True
1qb0f2d,3,2026-01-12T23:45:59.086606Z,921,404.634777,True
1qb0fme,3,2026-01-12T23:45:59.086606Z,920,404.151443,True
1qb0fs3,3,2026-01-12T23:45:59.086606Z,919,404.001443,True
1qb0fzw,3,2026-01-12T23:45:59.086606Z,918,403.81811,True
1qb0g4d,3,2026-01-12T23:45:59.086606Z,917,403.684777,True
1qb0g9s,3,2026-01-12T23:45:59.086606Z,916,403.56811,True
1qb0gt6,3,2026-01-12T23:45:59.086606Z,915,403.06811,True
1qb0hu3,3,2026-01-12T23:45:59.086606Z,914,402.11811,True
1qb0ijh,3,2026-01-12T23:45:59.086606Z,913,401.41811,True
1qb0jco,3,2026-01-12T23:45:59.086606Z,912,400.651443,True
1qb0jn4,3,2026-01-12T23:45:59.086606Z,911,400.334777,True
1qb0ju4,3,2026-01-12T23:45:59.086606Z,910,400.134777,True
1qb0jz1,3,2026-01-12T23:45:59.086606Z,909,400.001443,True
1qbjgul,3,2026-01-13T14:37:28.483293Z,981,523.808055,True
ftus3r,3,2026-01-13T01:54:21.178942Z,988,3040116.552982,True
ke2qxu,3,2026-01-13T01:54:21.178942Z,987,2669573.836316,True
kztn60,3,2026-01-13T01:54:21.178942Z,986,2621613.336316,True
m1s0me,3,2026-01-13T01:54:21.178942Z,985,2548472.019649,True
m65fxq,3,2026-01-13T01:54:21.178942Z,984,2539682.236316,True
mtu6c6,3,2026-01-13T01:54:21.178942Z,983,2490963.869649,True
